post_id,title,slug,link,date,screenPageViews,sessions,engagedSessions,gsc_clicks,gsc_impressions
976,【脊柱側弯症手術後の痛み &#8211; 半数以上が経験する長期的な苦痛への理解を深める】,%e3%80%90%e8%84%8a%e6%9f%b1%e5%81%b4%e5%bc%af%e7%97%87%e6%89%8b%e8%a1%93%e5%be%8c%e3%81%ae%e7%97%9b%e3%81%bf-%e5%8d%8a%e6%95%b0%e4%bb%a5%e4%b8%8a%e3%81%8c%e7%b5%8c%e9%a8%93%e3%81%99%e3%82%8b,https://physical-balance-lab.com/976/,2024-09-24T11:34:25,51,45,30,6,69
965,【脊柱側弯症の装具治療、種類と選び方のポイントを徹底解説！】,%e3%80%90%e8%84%8a%e6%9f%b1%e5%81%b4%e5%bc%af%e7%97%87%e3%81%ae%e8%a3%85%e5%85%b7%e6%b2%bb%e7%99%82%e3%80%81%e7%a8%ae%e9%a1%9e%e3%81%a8%e9%81%b8%e3%81%b3%e6%96%b9%e3%81%ae%e3%83%9d%e3%82%a4%e3%83%b3,https://physical-balance-lab.com/965/,2024-09-13T16:52:54,14,10,7,1,85
1176,【側弯症解説シリーズ】第5回：意外と知らない！脊柱側弯症と股関節・骨盤の密接な関係！,%e3%80%90%e5%81%b4%e5%bc%af%e7%97%87%e8%a7%a3%e8%aa%ac%e3%82%b7%e3%83%aa%e3%83%bc%e3%82%ba%e3%80%91%e7%ac%ac5%e5%9b%9e%ef%bc%9a%e6%84%8f%e5%a4%96%e3%81%a8%e7%9f%a5%e3%82%89%e3%81%aa%e3%81%84%ef%bc%81,https://physical-balance-lab.com/1176/,2025-04-02T15:02:48,10,11,3,1,6
1182,【側弯症解説シリーズ】第7回：脊柱側弯症で変わる歩き方と背中の筋肉の働き〜気づかない身体の変化と簡単改善法〜,%e3%80%90%e5%81%b4%e5%bc%af%e7%97%87%e8%a7%a3%e8%aa%ac%e3%82%b7%e3%83%aa%e3%83%bc%e3%82%ba%e3%80%91%e7%ac%ac7%e5%9b%9e%ef%bc%9a%e8%84%8a%e6%9f%b1%e5%81%b4%e5%bc%af%e7%97%87%e3%81%a7%e5%a4%89%e3%82%8f,https://physical-balance-lab.com/1182/,2025-04-18T17:43:26,9,10,5,1,15
441,【パルス電磁場療法（PEMF）の概要と解説】,%e3%80%90%e3%83%91%e3%83%ab%e3%82%b9%e9%9b%bb%e7%a3%81%e5%a0%b4%e7%99%82%e6%b3%95%ef%bc%88pemf%ef%bc%89%e3%81%ae%e6%a6%82%e8%a6%81%e3%81%a8%e8%a7%a3%e8%aa%ac%e3%80%91,https://physical-balance-lab.com/441/,2024-04-18T15:23:27,7,6,4,3,130
1173,【側弯症解説シリーズ】第4回：脊柱の動きを取り戻そう！脊柱側弯症があると硬くなる胸椎・腰椎の可動域制限について！,%e3%80%90%e5%81%b4%e5%bc%af%e7%97%87%e8%a7%a3%e8%aa%ac%e3%82%b7%e3%83%aa%e3%83%bc%e3%82%ba%e3%80%91%e7%ac%ac4%e5%9b%9e%ef%bc%9a%e8%84%8a%e6%9f%b1%e3%81%ae%e5%8b%95%e3%81%8d%e3%82%92%e5%8f%96%e3%82%8a,https://physical-balance-lab.com/1173/,2025-03-27T16:18:20,5,5,3,0,5
1169,【側弯症解説シリーズ】第2回：側弯症と動きの制限の関係って？知っておきたい関節可動域のお話,%e3%80%90%e5%81%b4%e5%bc%af%e7%97%87%e8%a7%a3%e8%aa%ac%e3%82%b7%e3%83%aa%e3%83%bc%e3%82%ba%e3%80%91%e7%ac%ac2%e5%9b%9e%ef%bc%9a%e5%81%b4%e5%bc%af%e7%97%87%e3%81%a8%e5%8b%95%e3%81%8d%e3%81%ae%e5%88%b6,https://physical-balance-lab.com/1169/,2025-03-21T17:03:11,5,3,3,0,0
1098,姿勢が側弯症に与える影響とは？〜正しい姿勢と休憩がもたらす効果〜,%e5%a7%bf%e5%8b%a2%e3%81%8c%e5%81%b4%e5%bc%af%e7%97%87%e3%81%ab%e4%b8%8e%e3%81%88%e3%82%8b%e5%bd%b1%e9%9f%bf%e3%81%a8%e3%81%af%ef%bc%9f%e3%80%9c%e6%ad%a3%e3%81%97%e3%81%84%e5%a7%bf%e5%8b%a2%e3%81%a8,https://physical-balance-lab.com/1098/,2024-11-27T13:48:58,5,3,3,0,0
1063,【腰痛】意外と知らない！体育座りの光と影 〜治療家が解説する正しい使い方〜,%e3%80%90%e8%85%b0%e7%97%9b%e3%80%91%e6%84%8f%e5%a4%96%e3%81%a8%e7%9f%a5%e3%82%89%e3%81%aa%e3%81%84%ef%bc%81%e4%bd%93%e8%82%b2%e5%ba%a7%e3%82%8a%e3%81%ae%e5%85%89%e3%81%a8%e5%bd%b1-%e3%80%9c%e6%b2%bb,https://physical-balance-lab.com/1063/,2024-11-12T12:25:44,5,6,3,0,69
1191,【側弯症解説シリーズ】第9回：側弯症を楽にする！専門家推奨のリハビリテーションプログラム,%e3%80%90%e5%81%b4%e5%bc%af%e7%97%87%e8%a7%a3%e8%aa%ac%e3%82%b7%e3%83%aa%e3%83%bc%e3%82%ba%e3%80%91%e7%ac%ac9%e5%9b%9e%ef%bc%9a%e5%81%b4%e5%bc%af%e7%97%87%e3%82%92%e6%a5%bd%e3%81%ab%e3%81%99%e3%82%8b,https://physical-balance-lab.com/1191/,2025-04-24T16:46:24,4,3,2,0,0
584,【アキレス腱が固いその意外な原因とは？】,%e3%80%90%e3%82%a2%e3%82%ad%e3%83%ac%e3%82%b9%e8%85%b1%e3%81%8c%e5%9b%ba%e3%81%84%e3%81%9d%e3%81%ae%e6%84%8f%e5%a4%96%e3%81%aa%e5%8e%9f%e5%9b%a0%e3%81%a8%e3%81%af%ef%bc%9f%e3%80%91,https://physical-balance-lab.com/584/,2022-06-06T16:20:49,4,3,2,0,15
1171,【側弯症解説シリーズ】第3回：脊柱を支える筋肉の秘密！側弯症で起こる筋肉の拘縮メカニズムとセルフケア！,%e3%80%90%e5%81%b4%e5%bc%af%e7%97%87%e8%a7%a3%e8%aa%ac%e3%82%b7%e3%83%aa%e3%83%bc%e3%82%ba%e3%80%91%e7%ac%ac3%e5%9b%9e%ef%bc%9a%e8%84%8a%e6%9f%b1%e3%82%92%e6%94%af%e3%81%88%e3%82%8b%e7%ad%8b%e8%82%89,https://physical-balance-lab.com/1171/,2025-03-24T15:35:53,3,3,1,0,6
932,【腰痛予防！看護師さん・介護職の方に知ってほしい！「ボディメカニクス」について】,%e3%80%90%e8%85%b0%e7%97%9b%e4%ba%88%e9%98%b2%ef%bc%81%e7%9c%8b%e8%ad%b7%e5%b8%ab%e3%81%95%e3%82%93%e3%83%bb%e4%bb%8b%e8%ad%b7%e8%81%b7%e3%81%ae%e6%96%b9%e3%81%ab%e7%9f%a5%e3%81%a3%e3%81%a6%e3%81%bb,https://physical-balance-lab.com/932/,2024-08-22T13:20:19,3,2,2,0,10
1092,大人の脊柱側弯症、手術が必要なときって？―分かりやすく解説します,%e5%a4%a7%e4%ba%ba%e3%81%ae%e8%84%8a%e6%9f%b1%e5%81%b4%e5%bc%af%e7%97%87%e3%80%81%e6%89%8b%e8%a1%93%e3%81%8c%e5%bf%85%e8%a6%81%e3%81%aa%e3%81%a8%e3%81%8d%e3%81%a3%e3%81%a6%ef%bc%9f%e2%80%95%e5%88%86,https://physical-balance-lab.com/1092/,2024-11-26T15:25:13,2,1,1,0,0
1009,【腰痛持ちは必見！実は「どっちも痛い」椎間板ヘルニアの真実に迫る！】,%e3%80%90%e8%85%b0%e7%97%9b%e6%8c%81%e3%81%a1%e3%81%af%e5%bf%85%e8%a6%8b%ef%bc%81%e5%ae%9f%e3%81%af%e3%80%8c%e3%81%a9%e3%81%a3%e3%81%a1%e3%82%82%e7%97%9b%e3%81%84%e3%80%8d%e6%a4%8e%e9%96%93%e6%9d%bf,https://physical-balance-lab.com/1009/,2024-10-23T18:49:20,2,1,1,0,0
898,【脊柱側弯症の長期的な治療効果を26年追跡調査した研究データ】,%e3%80%90%e8%84%8a%e6%9f%b1%e5%81%b4%e5%bc%af%e7%97%87%e3%81%ae%e9%95%b7%e6%9c%9f%e7%9a%84%e3%81%aa%e6%b2%bb%e7%99%82%e5%8a%b9%e6%9e%9c%e3%82%9226%e5%b9%b4%e8%bf%bd%e8%b7%a1%e8%aa%bf%e6%9f%bb%e3%81%97,https://physical-balance-lab.com/898/,2024-08-13T09:44:17,2,2,2,0,0
317,【側弯症：脊柱側弯症とタバコの意外な関係】,%e3%80%90%e5%81%b4%e5%bc%af%e7%97%87%ef%bc%9a%e8%84%8a%e6%9f%b1%e5%81%b4%e5%bc%af%e7%97%87%e3%81%a8%e3%82%bf%e3%83%90%e3%82%b3%e3%81%ae%e6%84%8f%e5%a4%96%e3%81%aa%e9%96%a2%e4%bf%82%e3%80%91,https://physical-balance-lab.com/317/,2024-05-03T21:23:50,2,2,2,0,27
459,【バイオフィードバック療法の詳細解説】,%e3%80%90%e3%83%90%e3%82%a4%e3%82%aa%e3%83%95%e3%82%a3%e3%83%bc%e3%83%89%e3%83%90%e3%83%83%e3%82%af%e7%99%82%e6%b3%95%e3%81%ae%e8%a9%b3%e7%b4%b0%e8%a7%a3%e8%aa%ac%e3%80%91,https://physical-balance-lab.com/459/,2024-04-18T15:43:38,2,1,1,0,0
469,【脊柱側弯症の中学生のための治療法と注意点】,%e3%80%90%e8%84%8a%e6%9f%b1%e5%81%b4%e5%bc%af%e7%97%87%e3%81%ae%e4%b8%ad%e5%ad%a6%e7%94%9f%e3%81%ae%e3%81%9f%e3%82%81%e3%81%ae%e6%b2%bb%e7%99%82%e6%b3%95%e3%81%a8%e6%b3%a8%e6%84%8f%e7%82%b9%e3%80%91,https://physical-balance-lab.com/469/,2024-04-10T15:50:48,2,1,1,0,0
612,【頚椎症で「首が詰まる」「上を向くと痛みを感じる」人はココを緩めて！】,%e3%80%90%e9%a0%9a%e6%a4%8e%e7%97%87%e3%81%a7%e3%80%8c%e9%a6%96%e3%81%8c%e8%a9%b0%e3%81%be%e3%82%8b%e3%80%8d%e3%80%8c%e4%b8%8a%e3%82%92%e5%90%91%e3%81%8f%e3%81%a8%e7%97%9b%e3%81%bf%e3%82%92%e6%84%9f,https://physical-balance-lab.com/612/,2019-02-02T17:09:05,2,2,1,0,6
23,,,,,2,1,1,0,0
2,,,,,2,2,1,0,0
1732,【大人の側弯症あるある】歩くとももの前側や股関節が痛い。。,adult-scoliosis-hip-front-pain-gait-guide,https://physical-balance-lab.com/1732/,2026-04-01T14:14:57,1,1,1,0,0
1668,ぎっくり腰からの回復、いつ何をすればいい？急性期・回復期・予防期の過ごし方,%e3%81%8e%e3%81%a3%e3%81%8f%e3%82%8a%e8%85%b0%e3%81%8b%e3%82%89%e3%81%ae%e5%9b%9e%e5%be%a9%e3%80%81%e3%81%84%e3%81%a4%e4%bd%95%e3%82%92%e3%81%99%e3%82%8c%e3%81%b0%e3%81%84%e3%81%84%ef%bc%9f%e6%80%a5,https://physical-balance-lab.com/1668/,2026-01-25T12:00:00,1,1,1,0,0
1571,慢性的な肩こり・首の痛みに対するレッドコード整体でそう対応する？,%e6%85%a2%e6%80%a7%e7%9a%84%e3%81%aa%e8%82%a9%e3%81%93%e3%82%8a%e3%83%bb%e9%a6%96%e3%81%ae%e7%97%9b%e3%81%bf%e3%81%ab%e5%af%be%e3%81%99%e3%82%8b%e3%83%ac%e3%83%83%e3%83%89%e3%82%b3%e3%83%bc%e3%83%89,https://physical-balance-lab.com/1571/,2025-09-25T11:12:30,1,1,1,0,0
1545,【むち打ち症解説シリーズ】第6回：回復の分かれ道〜むち打ちが長引く人、早く治る人の科学〜,%e3%80%90%e3%82%80%e3%81%a1%e6%89%93%e3%81%a1%e7%97%87%e8%a7%a3%e8%aa%ac%e3%82%b7%e3%83%aa%e3%83%bc%e3%82%ba%e3%80%91%e7%ac%ac6%e5%9b%9e%ef%bc%9a%e5%9b%9e%e5%be%a9%e3%81%ae%e5%88%86%e3%81%8b%e3%82%8c,https://physical-balance-lab.com/1545/,2025-08-04T18:38:38,1,1,1,0,0
1515,【むち打ち症解説シリーズ】第1回：その首の痛み、ただの捻挫だと思っていませんか？〜むち打ち症の本当の姿〜,%e3%80%90%e3%82%80%e3%81%a1%e6%89%93%e3%81%a1%e7%97%87%e8%a7%a3%e8%aa%ac%e3%82%b7%e3%83%aa%e3%83%bc%e3%82%ba%e3%80%91%e7%ac%ac1%e5%9b%9e%ef%bc%9a%e3%81%9d%e3%81%ae%e9%a6%96%e3%81%ae%e7%97%9b%e3%81%bf,https://physical-balance-lab.com/1515/,2025-07-16T13:10:57,1,1,1,0,0
1185,【側弯症解説シリーズ】第8回：治療の選択で未来が変わる！脊柱側弯症と関節可動域の深い関係,%e3%80%90%e5%81%b4%e5%bc%af%e7%97%87%e8%a7%a3%e8%aa%ac%e3%82%b7%e3%83%aa%e3%83%bc%e3%82%ba%e3%80%91%e7%ac%ac8%e5%9b%9e%ef%bc%9a%e6%b2%bb%e7%99%82%e3%81%ae%e9%81%b8%e6%8a%9e%e3%81%a7%e6%9c%aa%e6%9d%a5,https://physical-balance-lab.com/1185/,2025-04-22T16:38:11,1,1,1,0,0
1166,【側弯症解説シリーズ】第1回：知らないと危険！脊柱側弯症が引き起こす&#8221;隠れた関節制限&#8221;の真実,%e3%80%90%e5%81%b4%e5%bc%af%e7%97%87%e8%a7%a3%e8%aa%ac%e3%82%b7%e3%83%aa%e3%83%bc%e3%82%ba%e3%80%91%e7%ac%ac1%e5%9b%9e%ef%bc%9a%e7%9f%a5%e3%82%89%e3%81%aa%e3%81%84%e3%81%a8%e5%8d%b1%e9%99%ba%ef%bc%81,https://physical-balance-lab.com/1166/,2025-03-17T17:20:34,1,1,1,0,0
1159,その膝の痛み、実は脛骨のねじれが原因かも？｜50代女性のための膝痛改善ガイド,%e3%81%9d%e3%81%ae%e8%86%9d%e3%81%ae%e7%97%9b%e3%81%bf%e3%80%81%e5%ae%9f%e3%81%af%e8%84%9b%e9%aa%a8%e3%81%ae%e3%81%ad%e3%81%98%e3%82%8c%e3%81%8c%e5%8e%9f%e5%9b%a0%e3%81%8b%e3%82%82%ef%bc%9f%ef%bd%9c50,https://physical-balance-lab.com/1159/,2025-03-06T13:43:20,1,1,1,0,0
1157,脊柱側弯症があっても快眠できる！最適な寝姿勢ガイドと注意点を解説！,%e8%84%8a%e6%9f%b1%e5%81%b4%e5%bc%af%e7%97%87%e3%81%8c%e3%81%82%e3%81%a3%e3%81%a6%e3%82%82%e5%bf%ab%e7%9c%a0%e3%81%a7%e3%81%8d%e3%82%8b%ef%bc%81%e6%9c%80%e9%81%a9%e3%81%aa%e5%af%9d%e5%a7%bf%e5%8b%a2,https://physical-balance-lab.com/1157/,2025-03-03T13:16:38,1,1,1,0,0
1142,五十肩の痛みが長引く理由は“軸ズレ”かも？僕が考える慢性化のメカニズムと対策,%e4%ba%94%e5%8d%81%e8%82%a9%e3%81%ae%e7%97%9b%e3%81%bf%e3%81%8c%e9%95%b7%e5%bc%95%e3%81%8f%e7%90%86%e7%94%b1%e3%81%af%e8%bb%b8%e3%82%ba%e3%83%ac%e3%81%8b%e3%82%82%ef%bc%9f%e5%83%95,https://physical-balance-lab.com/1142/,2025-02-12T13:47:46,1,1,1,0,0
1137,思わずスッと動ける股関節へ！実は簡単に始められるケア方法って？,%e6%80%9d%e3%82%8f%e3%81%9a%e3%82%b9%e3%83%83%e3%81%a8%e5%8b%95%e3%81%91%e3%82%8b%e8%82%a1%e9%96%a2%e7%af%80%e3%81%b8%ef%bc%81%e5%ae%9f%e3%81%af%e7%b0%a1%e5%8d%98%e3%81%ab%e5%a7%8b%e3%82%81%e3%82%89,https://physical-balance-lab.com/1137/,2025-02-03T17:21:21,1,1,0,0,0
1107,高齢者の腰痛に効果的！？体のセンサーを鍛える最新治療「TVT」を解説！,%e8%85%b0%e7%97%9b%e3%81%ab%e3%83%90%e3%82%a4%e3%83%90%e3%82%a4%ef%bc%81%e4%bd%93%e3%81%ae%e3%82%bb%e3%83%b3%e3%82%b5%e3%83%bc%e3%82%92%e9%8d%9b%e3%81%88%e3%82%8b%e6%9c%80%e6%96%b0%e6%b2%bb%e7%99%82,https://physical-balance-lab.com/1107/,2024-12-09T11:33:16,1,1,0,0,0
980,【最新研究でわかった！】脊柱側弯症のタイプ別 筋肉の硬さの違いと治療への影響,%e3%80%90%e6%9c%80%e6%96%b0%e7%a0%94%e7%a9%b6%e3%81%a7%e3%82%8f%e3%81%8b%e3%81%a3%e3%81%9f%ef%bc%81%e3%80%91%e8%84%8a%e6%9f%b1%e5%81%b4%e5%bc%af%e7%97%87%e3%81%ae%e3%82%bf%e3%82%a4%e3%83%97%e5%88%a5,https://physical-balance-lab.com/980/,2024-09-26T11:42:52,1,1,1,0,0
731,【手首の痛み：ゴルフ好きは要注意！手首の痛み＋ゴルフ肘の原因と対策について解説！】,%e3%80%90%e6%89%8b%e9%a6%96%e3%81%ae%e7%97%9b%e3%81%bf%ef%bc%9a%e3%82%b4%e3%83%ab%e3%83%95%e5%a5%bd%e3%81%8d%e3%81%af%e8%a6%81%e6%b3%a8%e6%84%8f%ef%bc%81%e6%89%8b%e9%a6%96%e3%81%ae%e7%97%9b%e3%81%bf,https://physical-balance-lab.com/731/,2024-06-12T12:21:46,1,1,1,0,2
620,【腰痛予備軍：つま先重心で身体に起こること】,%e3%80%90%e8%85%b0%e7%97%9b%e4%ba%88%e5%82%99%e8%bb%8d%ef%bc%9a%e3%81%a4%e3%81%be%e5%85%88%e9%87%8d%e5%bf%83%e3%81%a7%e8%ba%ab%e4%bd%93%e3%81%ab%e8%b5%b7%e3%81%93%e3%82%8b%e3%81%93%e3%81%a8%e3%80%91,https://physical-balance-lab.com/620/,2022-05-13T17:37:47,1,1,0,0,33
602,【腰痛予防：反り腰にならない椅子の座り方】,602,https://physical-balance-lab.com/602/,2021-10-07T16:54:11,1,1,0,0,0
610,【腰痛：座り姿勢で足を組むと姿勢が崩れるって本当？】,%e3%80%90%e8%85%b0%e7%97%9b%ef%bc%9a%e5%ba%a7%e3%82%8a%e5%a7%bf%e5%8b%a2%e3%81%a7%e8%b6%b3%e3%82%92%e7%b5%84%e3%82%80%e3%81%a8%e5%a7%bf%e5%8b%a2%e3%81%8c%e5%b4%a9%e3%82%8c%e3%82%8b%e3%81%a3%e3%81%a6,https://physical-balance-lab.com/610/,2020-07-06T17:05:09,1,1,0,0,0
593,【頚部痛：その首の痛み、腹筋トレーニングが原因かも！！】,%e3%80%90%e9%a0%9a%e9%83%a8%e7%97%9b%ef%bc%9a%e3%81%9d%e3%81%ae%e9%a6%96%e3%81%ae%e7%97%9b%e3%81%bf%e3%80%81%e8%85%b9%e7%ad%8b%e3%83%88%e3%83%ac%e3%83%bc%e3%83%8b%e3%83%b3%e3%82%b0%e3%81%8c%e5%8e%9f,https://physical-balance-lab.com/593/,2019-02-07T16:31:14,1,1,0,0,0
3,,,,,1,1,1,0,0
173,,,,,1,1,0,0,0
257,,,,,1,1,0,0,0
02,,,,,1,1,0,0,0
9,,,,,1,1,0,0,0
1730,側弯がある大人の腰痛、座ってから立つとつらいときに見直したいこと。,adult-scoliosis-low-back-pain-sit-to-stand-guide,https://physical-balance-lab.com/1730/,2026-03-24T00:01:16,0,0,0,0,0
1724,側弯がある大人の股関節、片側だけつらいときに見直したいこと。,adult-scoliosis-hip-pain-pelvic-tilt-guide,https://physical-balance-lab.com/1724/,2026-03-20T17:22:25,0,0,0,0,0
1714,大人の側弯症で腰痛が続く理由をエビデンス解説,adult-scoliosis-low-back-pain-asymmetry-guide,https://physical-balance-lab.com/1714/,2026-03-13T13:34:24,0,0,0,0,0
1699,猫背が胃もたれ・逆流を悪化させる理由をエビデンス解説〜姿勢と消化器の意外な関係〜,%e7%8c%ab%e8%83%8c%e3%81%8c%e8%83%83%e3%82%82%e3%81%9f%e3%82%8c%e3%83%bb%e9%80%86%e6%b5%81%e3%82%92%e6%82%aa%e5%8c%96%e3%81%95%e3%81%9b%e3%82%8b%e7%90%86%e7%94%b1%e3%82%92%e3%82%a8%e3%83%93%e3%83%87,https://physical-balance-lab.com/1699/,2026-03-11T18:43:06,0,0,0,0,0
1700,猫背が呼吸機能を低下させる理由をエビデンス解説〜姿勢と肺活量の意外な関係〜,%e7%8c%ab%e8%83%8c%e3%81%8c%e5%91%bc%e5%90%b8%e6%a9%9f%e8%83%bd%e3%82%92%e4%bd%8e%e4%b8%8b%e3%81%95%e3%81%9b%e3%82%8b%e7%90%86%e7%94%b1%e3%82%92%e3%82%a8%e3%83%93%e3%83%87%e3%83%b3%e3%82%b9%e8%a7%a3,https://physical-balance-lab.com/1700/,2026-02-27T16:21:49,0,0,0,0,0
1695,子供の姿勢改善に親ができることと相談するタイミング,%e5%ad%90%e4%be%9b%e3%81%ae%e5%a7%bf%e5%8b%a2%e6%94%b9%e5%96%84%e3%81%ab%e8%a6%aa%e3%81%8c%e3%81%a7%e3%81%8d%e3%82%8b%e3%81%93%e3%81%a8%e3%81%a8%e7%9b%b8%e8%ab%87%e3%81%99%e3%82%8b%e3%82%bf%e3%82%a4,https://physical-balance-lab.com/1695/,2026-02-16T10:24:04,0,0,0,0,0
1692,子供のスマホ首が及ぼす影響と正しい向き合い方,%e5%ad%90%e4%be%9b%e3%81%ae%e3%82%b9%e3%83%9e%e3%83%9b%e9%a6%96%e3%81%8c%e5%8f%8a%e3%81%bc%e3%81%99%e5%bd%b1%e9%9f%bf%e3%81%a8%e6%ad%a3%e3%81%97%e3%81%84%e5%90%91%e3%81%8d%e5%90%88%e3%81%84%e6%96%b9,https://physical-balance-lab.com/1692/,2026-02-14T10:08:22,0,0,0,0,0
1689,子供の運動不足が姿勢に与える影響と効果的な対策,%e5%ad%90%e4%be%9b%e3%81%ae%e9%81%8b%e5%8b%95%e4%b8%8d%e8%b6%b3%e3%81%8c%e5%a7%bf%e5%8b%a2%e3%81%ab%e4%b8%8e%e3%81%88%e3%82%8b%e5%bd%b1%e9%9f%bf%e3%81%a8%e5%8a%b9%e6%9e%9c%e7%9a%84%e3%81%aa%e5%af%be,https://physical-balance-lab.com/1689/,2026-02-07T01:07:13,0,0,0,0,0
1682,腰椎側弯症がある股関節痛の方へ手術の術式と選び方,%e8%85%b0%e6%a4%8e%e5%81%b4%e5%bc%af%e7%97%87%e3%81%8c%e3%81%82%e3%82%8b%e8%82%a1%e9%96%a2%e7%af%80%e7%97%9b%e3%81%ae%e6%96%b9%e3%81%b8%e6%89%8b%e8%a1%93%e3%81%ae%e8%a1%93%e5%bc%8f%e3%81%a8%e9%81%b8,https://physical-balance-lab.com/1682/,2026-02-02T10:05:10,0,0,0,0,0
1669,ぎっくり腰を繰り返さない体は作れる？レッドコード整体で学ぶ動作の再教育,%e3%81%8e%e3%81%a3%e3%81%8f%e3%82%8a%e8%85%b0%e3%82%92%e7%b9%b0%e3%82%8a%e8%bf%94%e3%81%95%e3%81%aa%e3%81%84%e4%bd%93%e3%81%af%e4%bd%9c%e3%82%8c%e3%82%8b%ef%bc%9f%e3%83%ac%e3%83%83%e3%83%89%e3%82%b3,https://physical-balance-lab.com/1669/,2026-01-27T12:00:00,0,0,0,0,0
1667,レッドコード整体でぎっくり腰はどうケアする？初回評価から施術の流れ,%e3%83%ac%e3%83%83%e3%83%89%e3%82%b3%e3%83%bc%e3%83%89%e6%95%b4%e4%bd%93%e3%81%a7%e3%81%8e%e3%81%a3%e3%81%8f%e3%82%8a%e8%85%b0%e3%81%af%e3%81%a9%e3%81%86%e3%82%b1%e3%82%a2%e3%81%99%e3%82%8b%ef%bc%9f,https://physical-balance-lab.com/1667/,2026-01-23T12:00:00,0,0,0,0,0
1666,ぎっくり腰はなぜ長引く？なぜ繰り返す？慢性化の悪循環を断つには,%e3%81%8e%e3%81%a3%e3%81%8f%e3%82%8a%e8%85%b0%e3%81%af%e3%81%aa%e3%81%9c%e9%95%b7%e5%bc%95%e3%81%8f%ef%bc%9f%e3%81%aa%e3%81%9c%e7%b9%b0%e3%82%8a%e8%bf%94%e3%81%99%ef%bc%9f%e6%85%a2%e6%80%a7%e5%8c%96,https://physical-balance-lab.com/1666/,2026-01-21T12:00:00,0,0,0,0,0
1665,ぎっくり腰にレッドコード整体？痛くて動けない時こそ&#8221;免荷&#8221;が効く理由,%e3%81%8e%e3%81%a3%e3%81%8f%e3%82%8a%e8%85%b0%e3%81%ab%e3%83%ac%e3%83%83%e3%83%89%e3%82%b3%e3%83%bc%e3%83%89%e6%95%b4%e4%bd%93%ef%bc%9f%e7%97%9b%e3%81%8f%e3%81%a6%e5%8b%95%e3%81%91%e3%81%aa%e3%81%84,https://physical-balance-lab.com/1665/,2026-01-19T12:00:00,0,0,0,0,0
1642,歩幅を広げて腰痛を改善する〜レッドコード整体とセルフケア〜,%e6%ad%a9%e5%b9%85%e3%82%92%e5%ba%83%e3%81%92%e3%81%a6%e8%85%b0%e7%97%9b%e3%82%92%e6%94%b9%e5%96%84%e3%81%99%e3%82%8b%e3%80%9c%e3%83%ac%e3%83%83%e3%83%89%e3%82%b3%e3%83%bc%e3%83%89%e6%95%b4%e4%bd%93,https://physical-balance-lab.com/1642/,2026-01-17T13:06:21,0,0,0,0,0
1638,股関節と腸腰筋が歩幅を決める〜体の土台の重要性〜,%e8%82%a1%e9%96%a2%e7%af%80%e3%81%a8%e8%85%b8%e8%85%b0%e7%ad%8b%e3%81%8c%e6%ad%a9%e5%b9%85%e3%82%92%e6%b1%ba%e3%82%81%e3%82%8b%e3%80%9c%e4%bd%93%e3%81%ae%e5%9c%9f%e5%8f%b0%e3%81%ae%e9%87%8d%e8%a6%81,https://physical-balance-lab.com/1638/,2026-01-15T13:02:19,0,0,0,0,0
1635,歩幅が狭いと腰痛になる？〜意外な関係性の真実〜,%e6%ad%a9%e5%b9%85%e3%81%8c%e7%8b%ad%e3%81%84%e3%81%a8%e8%85%b0%e7%97%9b%e3%81%ab%e3%81%aa%e3%82%8b%ef%bc%9f%e3%80%9c%e6%84%8f%e5%a4%96%e3%81%aa%e9%96%a2%e4%bf%82%e6%80%a7%e3%81%ae%e7%9c%9f%e5%ae%9f,https://physical-balance-lab.com/1635/,2026-01-13T12:30:45,0,0,0,0,0
1596,季節の変わり目にぎっくり腰が増える本当の理由〜寒暖差が体に与える影響と予防法〜,%e5%ad%a3%e7%af%80%e3%81%ae%e5%a4%89%e3%82%8f%e3%82%8a%e7%9b%ae%e3%81%ab%e3%81%8e%e3%81%a3%e3%81%8f%e3%82%8a%e8%85%b0%e3%81%8c%e5%a2%97%e3%81%88%e3%82%8b%e6%9c%ac%e5%bd%93%e3%81%ae%e7%90%86%e7%94%b1,https://physical-balance-lab.com/1596/,2025-12-29T11:29:33,0,0,0,0,0
1589,アスリートのためのレッドコード整体：パフォーマンス向上の実例,%e3%82%a2%e3%82%b9%e3%83%aa%e3%83%bc%e3%83%88%e3%81%ae%e3%81%9f%e3%82%81%e3%81%ae%e3%83%ac%e3%83%83%e3%83%89%e3%82%b3%e3%83%bc%e3%83%89%e6%95%b4%e4%bd%93%ef%bc%9a%e3%83%91%e3%83%95%e3%82%a9%e3%83%bc,https://physical-balance-lab.com/1589/,2025-12-04T11:46:13,0,0,0,0,0
1584,産後ケアとレッドコード整体の有用性を考察！骨盤・骨盤底筋に配慮した安全な進め方！,%e7%94%a3%e5%be%8c%e3%82%b1%e3%82%a2%e3%81%a8%e3%83%ac%e3%83%83%e3%83%89%e3%82%b3%e3%83%bc%e3%83%89%e6%95%b4%e4%bd%93%e3%81%ae%e6%9c%89%e7%94%a8%e6%80%a7%e3%82%92%e8%80%83%e5%af%9f%ef%bc%81%e9%aa%a8,https://physical-balance-lab.com/1584/,2025-11-04T17:58:17,0,0,0,0,0
1581,変形性膝関節症に効果的！痛みゼロで始めるレッドコード整体！,%e5%a4%89%e5%bd%a2%e6%80%a7%e8%86%9d%e9%96%a2%e7%af%80%e7%97%87%e3%81%ab%e5%8a%b9%e6%9e%9c%e7%9a%84%ef%bc%81%e7%97%9b%e3%81%bf%e3%82%bc%e3%83%ad%e3%81%a7%e5%a7%8b%e3%82%81%e3%82%8b%e3%83%ac%e3%83%83,https://physical-balance-lab.com/1581/,2025-10-14T18:39:54,0,0,0,0,0
1575,レッドコード整体は五十肩や肩関節の痛みには効果があるの？,%e3%83%ac%e3%83%83%e3%83%89%e3%82%b3%e3%83%bc%e3%83%89%e6%95%b4%e4%bd%93%e3%81%af%e4%ba%94%e5%8d%81%e8%82%a9%e3%82%84%e8%82%a9%e9%96%a2%e7%af%80%e3%81%ae%e7%97%9b%e3%81%bf%e3%81%ab%e3%81%af%e5%8a%b9,https://physical-balance-lab.com/1575/,2025-10-06T15:44:39,0,0,0,0,0
1569,腰痛に強いレッドコード整体：エビデンスと改善プロセス,%e8%85%b0%e7%97%9b%e3%81%ab%e5%bc%b7%e3%81%84%e3%83%ac%e3%83%83%e3%83%89%e3%82%b3%e3%83%bc%e3%83%89%e6%95%b4%e4%bd%93%ef%bc%9a%e3%82%a8%e3%83%93%e3%83%87%e3%83%b3%e3%82%b9%e3%81%a8%e6%94%b9%e5%96%84,https://physical-balance-lab.com/1569/,2025-09-18T19:24:49,0,0,0,0,0
1564,レッドコード整体の施術フローと安全性：初回評価〜介入〜再評価,%e3%83%ac%e3%83%83%e3%83%89%e3%82%b3%e3%83%bc%e3%83%89%e6%95%b4%e4%bd%93%e3%81%ae%e6%96%bd%e8%a1%93%e3%83%95%e3%83%ad%e3%83%bc%e3%81%a8%e5%ae%89%e5%85%a8%e6%80%a7%ef%bc%9a%e5%88%9d%e5%9b%9e%e8%a9%95,https://physical-balance-lab.com/1564/,2025-09-12T15:17:51,0,0,0,0,0
1561,レッドコード整体とは？Neuracの科学と「痛みなく動ける」理由,%e3%83%ac%e3%83%83%e3%83%89%e3%82%b3%e3%83%bc%e3%83%89%e6%95%b4%e4%bd%93%e3%81%a8%e3%81%af%ef%bc%9fneurac%e3%81%ae%e7%a7%91%e5%ad%a6%e3%81%a8%e3%80%8c%e7%97%9b%e3%81%bf%e3%81%aa%e3%81%8f%e5%8b%95,https://physical-balance-lab.com/1561/,2025-09-10T16:29:08,0,0,0,0,0
1558,【むち打ち症解説シリーズ】第10回：むち打ち症からの回復ロードマップ〜主体的に乗り越えるための知恵と希望〜,%e3%80%90%e3%82%80%e3%81%a1%e6%89%93%e3%81%a1%e7%97%87%e8%a7%a3%e8%aa%ac%e3%82%b7%e3%83%aa%e3%83%bc%e3%82%ba%e3%80%91%e7%ac%ac10%e5%9b%9e%ef%bc%9a%e3%82%80%e3%81%a1%e6%89%93%e3%81%a1%e7%97%87%e3%81%8b,https://physical-balance-lab.com/1558/,2025-09-04T20:23:03,0,0,0,0,0
1555,【むち打ち症解説シリーズ】第9回：回復を加速させるセルフケア〜専門家の視点で選ぶ、本当に役立つ知識〜,%e3%80%90%e3%82%80%e3%81%a1%e6%89%93%e3%81%a1%e7%97%87%e8%a7%a3%e8%aa%ac%e3%82%b7%e3%83%aa%e3%83%bc%e3%82%ba%e3%80%91%e7%ac%ac9%e5%9b%9e%ef%bc%9a%e5%9b%9e%e5%be%a9%e3%82%92%e5%8a%a0%e9%80%9f%e3%81%95,https://physical-balance-lab.com/1555/,2025-08-29T12:23:22,0,0,0,0,0
1552,【むち打ち症解説シリーズ】第8回：専門家がむち打ち症をどう導くか（アプローチ編）〜回復への道を共に歩む〜,%e3%80%90%e3%82%80%e3%81%a1%e6%89%93%e3%81%a1%e7%97%87%e8%a7%a3%e8%aa%ac%e3%82%b7%e3%83%aa%e3%83%bc%e3%82%ba%e3%80%91%e7%ac%ac8%e5%9b%9e%ef%bc%9a%e5%b0%82%e9%96%80%e5%ae%b6%e3%81%8c%e3%82%80%e3%81%a1,https://physical-balance-lab.com/1552/,2025-08-14T19:53:02,0,0,0,0,0
1549,【むち打ち症解説シリーズ】第7回：専門家がむち打ち症をどう見るか（評価編）〜症状の裏側を探る思考プロセス〜,%e3%80%90%e3%82%80%e3%81%a1%e6%89%93%e3%81%a1%e7%97%87%e8%a7%a3%e8%aa%ac%e3%82%b7%e3%83%aa%e3%83%bc%e3%82%ba%e3%80%91%e7%ac%ac7%e5%9b%9e%ef%bc%9a%e5%b0%82%e9%96%80%e5%ae%b6%e3%81%8c%e3%82%80%e3%81%a1,https://physical-balance-lab.com/1549/,2025-08-09T12:04:56,0,0,0,0,0
1539,【むち打ち症解説シリーズ】第5回：「レントゲンで異常なし」の真実〜画像に映らない“機能”の問題〜,%e3%80%90%e3%82%80%e3%81%a1%e6%89%93%e3%81%a1%e7%97%87%e8%a7%a3%e8%aa%ac%e3%82%b7%e3%83%aa%e3%83%bc%e3%82%ba%e3%80%91%e7%ac%ac5%e5%9b%9e%ef%bc%9a%e3%80%8c%e3%83%ac%e3%83%b3%e3%83%88%e3%82%b2%e3%83%b3,https://physical-balance-lab.com/1539/,2025-07-29T15:33:01,0,0,0,0,0
1532,【むち打ち症解説シリーズ】第4回：めまい・ふらつきの正体〜脳が感じる“位置情報”のズレとは？〜,%e3%80%90%e3%82%80%e3%81%a1%e6%89%93%e3%81%a1%e7%97%87%e8%a7%a3%e8%aa%ac%e3%82%b7%e3%83%aa%e3%83%bc%e3%82%ba%e3%80%91%e7%ac%ac4%e5%9b%9e%ef%bc%9a%e3%82%81%e3%81%be%e3%81%84%e3%83%bb%e3%81%b5%e3%82%89,https://physical-balance-lab.com/1532/,2025-07-24T12:05:54,0,0,0,0,0
1525,【むち打ち症解説シリーズ】第3回：見過ごされがちな「胸椎」の重要性〜首の不調の鍵を握る、もう一つの主役〜,%e3%80%90%e3%82%80%e3%81%a1%e6%89%93%e3%81%a1%e7%97%87%e8%a7%a3%e8%aa%ac%e3%82%b7%e3%83%aa%e3%83%bc%e3%82%ba%e3%80%91%e7%ac%ac3%e5%9b%9e%ef%bc%9a%e8%a6%8b%e9%81%8e%e3%81%94%e3%81%95%e3%82%8c%e3%81%8c,https://physical-balance-lab.com/1525/,2025-07-22T20:09:03,0,0,0,0,0
1520,【むち打ち症解説シリーズ】第2回：むち打ちの痛みは首だけじゃない！〜痛みが全身に広がる「中枢神経感作」の謎〜,%e3%80%90%e3%82%80%e3%81%a1%e6%89%93%e3%81%a1%e7%97%87%e8%a7%a3%e8%aa%ac%e3%82%b7%e3%83%aa%e3%83%bc%e3%82%ba%e3%80%91%e7%ac%ac2%e5%9b%9e%ef%bc%9a%e3%82%80%e3%81%a1%e6%89%93%e3%81%a1%e3%81%ae%e7%97%9b,https://physical-balance-lab.com/1520/,2025-07-17T16:49:35,0,0,0,0,0
1507,【筋・筋膜性腰痛解説シリーズ】第10回：最終回！腰痛とサヨナラ！50代からの「動ける身体」を作る7つの生活習慣！,%e3%80%90%e7%ad%8b%e3%83%bb%e7%ad%8b%e8%86%9c%e6%80%a7%e8%85%b0%e7%97%9b%e8%a7%a3%e8%aa%ac%e3%82%b7%e3%83%aa%e3%83%bc%e3%82%ba%e3%80%91%e7%ac%ac10%e5%9b%9e%ef%bc%9a%e6%9c%80%e7%b5%82%e5%9b%9e%ef%bc%81,https://physical-balance-lab.com/1507/,2025-07-08T19:06:54,0,0,0,0,0
1497,【筋・筋膜性腰痛解説シリーズ】第9回：自宅でできる腰痛改善ストレッチ＆運動法〜整体師が実践する「続けやすい」アプローチ〜,%e3%80%90%e7%ad%8b%e3%83%bb%e7%ad%8b%e8%86%9c%e6%80%a7%e8%85%b0%e7%97%9b%e8%a7%a3%e8%aa%ac%e3%82%b7%e3%83%aa%e3%83%bc%e3%82%ba%e3%80%91%e7%ac%ac9%e5%9b%9e%ef%bc%9a%e8%87%aa%e5%ae%85%e3%81%a7%e3%81%a7,https://physical-balance-lab.com/1497/,2025-07-04T17:51:36,0,0,0,0,0
1489,【筋・筋膜性腰痛解説シリーズ】第8回：筋膜の声を聴く？最新アプローチで腰痛とサヨナラする方法！,%e3%80%90%e7%ad%8b%e3%83%bb%e7%ad%8b%e8%86%9c%e6%80%a7%e8%85%b0%e7%97%9b%e8%a7%a3%e8%aa%ac%e3%82%b7%e3%83%aa%e3%83%bc%e3%82%ba%e3%80%91%e7%ac%ac8%e5%9b%9e%ef%bc%9a%e7%ad%8b%e8%86%9c%e3%81%ae%e5%a3%b0,https://physical-balance-lab.com/1489/,2025-07-02T10:53:36,0,0,0,0,0
1479,【筋・筋膜性腰痛解説シリーズ】第7回：驚きの即効性！ストレイン・カウンターストレイン療法で腰痛から解放される理由！,%e3%80%90%e7%ad%8b%e3%83%bb%e7%ad%8b%e8%86%9c%e6%80%a7%e8%85%b0%e7%97%9b%e8%a7%a3%e8%aa%ac%e3%82%b7%e3%83%aa%e3%83%bc%e3%82%ba%e3%80%91%e7%ac%ac7%e5%9b%9e%ef%bc%9a%e9%a9%9a%e3%81%8d%e3%81%ae%e5%8d%b3,https://physical-balance-lab.com/1479/,2025-06-24T18:36:09,0,0,0,0,0
1472,【筋・筋膜性腰痛解説シリーズ】第6回：なぜ「姿勢を良くしなさい」と言われるの？〜筋膜から見た姿勢と腰痛の深い関係〜,1472,https://physical-balance-lab.com/1472/,2025-06-19T12:25:58,0,0,0,0,0
1467,【筋・筋膜性腰痛解説シリーズ】第5回：腰痛の悪循環を断ち切る！痛み・動き・日常生活の意外な関係とは？,1467,https://physical-balance-lab.com/1467/,2025-06-10T16:20:17,0,0,0,0,0
1463,【筋・筋膜性腰痛解説シリーズ】第4回：なぜ腰が硬くなる？腰痛で失われる「当たり前の動き」を取り戻す方法,%e3%80%90%e7%ad%8b%e3%83%bb%e7%ad%8b%e8%86%9c%e6%80%a7%e8%85%b0%e7%97%9b%e8%a7%a3%e8%aa%ac%e3%82%b7%e3%83%aa%e3%83%bc%e3%82%ba%e3%80%91%e7%ac%ac4%e5%9b%9e%ef%bc%9a%e3%81%aa%e3%81%9c%e8%85%b0%e3%81%8c,https://physical-balance-lab.com/1463/,2025-06-03T16:42:41,0,0,0,0,0
1460,【筋・筋膜性腰痛解説シリーズ】第3回：なぜ腰が痛いと身体が硬くなるの？筋肉のコリが動きを奪うメカニズムを徹底解説,%e3%80%90%e7%ad%8b%e3%83%bb%e7%ad%8b%e8%86%9c%e6%80%a7%e8%85%b0%e7%97%9b%e8%a7%a3%e8%aa%ac%e3%82%b7%e3%83%aa%e3%83%bc%e3%82%ba%e3%80%91%e7%ac%ac3%e5%9b%9e%ef%bc%9a%e3%81%aa%e3%81%9c%e8%85%b0%e3%81%8c,https://physical-balance-lab.com/1460/,2025-05-26T12:55:01,0,0,0,0,0
1457,【筋・筋膜性腰痛解説シリーズ】第2回：腰痛で体が硬くなる理由～脊柱可動域が教えてくれること～,%e3%80%90%e3%82%b7%e3%83%aa%e3%83%bc%e3%82%ba%e7%ac%ac2%e5%9b%9e%e3%80%91%e8%85%b0%e7%97%9b%e3%81%a7%e4%bd%93%e3%81%8c%e7%a1%ac%e3%81%8f%e3%81%aa%e3%82%8b%e7%90%86%e7%94%b1%ef%bd%9e%e8%84%8a%e6%9f%b1,https://physical-balance-lab.com/1457/,2025-05-20T14:36:17,0,0,0,0,0
1206,【筋・筋膜性腰痛解説シリーズ】第1回：あなたの腰痛、筋膜が原因かも？知って得する筋・筋膜性腰痛の全て,%e3%80%90%e7%ad%8b%e3%83%bb%e7%ad%8b%e8%86%9c%e6%80%a7%e8%85%b0%e7%97%9b%e8%a7%a3%e8%aa%ac%e3%82%b7%e3%83%aa%e3%83%bc%e3%82%ba%e3%80%91%e7%ac%ac1%e5%9b%9e%ef%bc%9a%e3%81%82%e3%81%aa%e3%81%9f%e3%81%ae,https://physical-balance-lab.com/1206/,2025-05-13T12:13:45,0,0,0,0,0
1195,【側弯症解説シリーズ完結】第10回：あなたの毎日を楽にする！整体師直伝の日常ケア実践術,%e3%80%90%e5%81%b4%e5%bc%af%e7%97%87%e8%a7%a3%e8%aa%ac%e3%82%b7%e3%83%aa%e3%83%bc%e3%82%ba%e5%ae%8c%e7%b5%90%e3%80%91%e7%ac%ac10%e5%9b%9e%ef%bc%9a%e3%81%82%e3%81%aa%e3%81%9f%e3%81%ae%e6%af%8e%e6%97%a5,https://physical-balance-lab.com/1195/,2025-04-30T13:47:36,0,0,0,0,0
1179,【側弯症解説シリーズ】第6回：肩こりの原因は背骨にあった？脊柱側弯症が肩甲骨の動きを変える仕組みと簡単セルフケア,%e3%80%90%e5%81%b4%e5%bc%af%e7%97%87%e8%a7%a3%e8%aa%ac%e3%82%b7%e3%83%aa%e3%83%bc%e3%82%ba%e3%80%91%e7%ac%ac6%e5%9b%9e%ef%bc%9a%e8%82%a9%e3%81%93%e3%82%8a%e3%81%ae%e5%8e%9f%e5%9b%a0%e3%81%af%e8%83%8c,https://physical-balance-lab.com/1179/,2025-04-08T13:03:50,0,0,0,0,0
1163,五十肩を放置するとどうなる？整体師が教えるリスクと対策！,1163,https://physical-balance-lab.com/1163/,2025-03-12T17:54:21,0,0,0,0,0
1155,「階段が怖い…」多くの女性が悩む膝の痛み、原因と対策を整体師が徹底解説！,%e3%80%8c%e9%9a%8e%e6%ae%b5%e3%81%8c%e6%80%96%e3%81%84%e3%80%8d%e5%a4%9a%e3%81%8f%e3%81%ae%e5%a5%b3%e6%80%a7%e3%81%8c%e6%82%a9%e3%82%80%e8%86%9d%e3%81%ae%e7%97%9b%e3%81%bf%e3%80%81%e5%8e%9f,https://physical-balance-lab.com/1155/,2025-02-28T11:36:26,0,0,0,0,0
1150,腰痛に悩むあなたへ：背骨の仕組みから見る痛みのメカニズム,%e8%85%b0%e7%97%9b%e3%81%ab%e6%82%a9%e3%82%80%e3%81%82%e3%81%aa%e3%81%9f%e3%81%b8%ef%bc%9a%e8%83%8c%e9%aa%a8%e3%81%ae%e4%bb%95%e7%b5%84%e3%81%bf%e3%81%8b%e3%82%89%e8%a6%8b%e3%82%8b%e7%97%9b%e3%81%bf,https://physical-balance-lab.com/1150/,2025-02-26T17:34:30,0,0,0,0,0
1148,僕が考える、側弯症がもたらす腰の動かしづらさと痛みのヒミツ,%e5%83%95%e3%81%8c%e8%80%83%e3%81%88%e3%82%8b%e3%80%81%e5%81%b4%e5%bc%af%e7%97%87%e3%81%8c%e3%82%82%e3%81%9f%e3%82%89%e3%81%99%e8%85%b0%e3%81%ae%e5%8b%95%e3%81%8b%e3%81%97%e3%81%a5%e3%82%89%e3%81%95,https://physical-balance-lab.com/1148/,2025-02-21T12:23:29,0,0,0,0,0
1145,背中や腰の痛み…大人の脊柱側弯症ってどうすればいいの？楽になるケアと整体施術のヒミツ,%e8%83%8c%e4%b8%ad%e3%82%84%e8%85%b0%e3%81%ae%e7%97%9b%e3%81%bf%e5%a4%a7%e4%ba%ba%e3%81%ae%e8%84%8a%e6%9f%b1%e5%81%b4%e5%bc%af%e7%97%87%e3%81%a3%e3%81%a6%e3%81%a9%e3%81%86%e3%81%99%e3%82%8c,https://physical-balance-lab.com/1145/,2025-02-20T10:48:32,0,0,0,0,0
1140,朝起きたときの腰痛、放置していませんか？原因と対策を整体師が解説！,%e6%9c%9d%e8%b5%b7%e3%81%8d%e3%81%9f%e3%81%a8%e3%81%8d%e3%81%ae%e8%85%b0%e7%97%9b%e3%80%81%e6%94%be%e7%bd%ae%e3%81%97%e3%81%a6%e3%81%84%e3%81%be%e3%81%9b%e3%82%93%e3%81%8b%ef%bc%9f%e5%8e%9f%e5%9b%a0,https://physical-balance-lab.com/1140/,2025-02-10T10:44:39,0,0,0,0,0
1135,寒暖差でギクッとしない！今更聞けないぎっくり腰の予防と対策,%e5%af%92%e6%9a%96%e5%b7%ae%e3%81%a7%e3%82%ae%e3%82%af%e3%83%83%e3%81%a8%e3%81%97%e3%81%aa%e3%81%84%ef%bc%81%e4%bb%8a%e6%9b%b4%e8%81%9e%e3%81%91%e3%81%aa%e3%81%84%e3%81%8e%e3%81%a3%e3%81%8f%e3%82%8a,https://physical-balance-lab.com/1135/,2025-01-31T17:24:29,0,0,0,0,0
1133,【夜の痛みにさようなら！五十肩をラクにする僕のおすすめセルフケア】,%e3%80%90%e5%a4%9c%e3%81%ae%e7%97%9b%e3%81%bf%e3%81%ab%e3%81%95%e3%82%88%e3%81%86%e3%81%aa%e3%82%89%ef%bc%81%e4%ba%94%e5%8d%81%e8%82%a9%e3%82%92%e3%83%a9%e3%82%af%e3%81%ab%e3%81%99%e3%82%8b%e5%83%95,https://physical-balance-lab.com/1133/,2025-01-29T17:35:09,0,0,0,0,0
1129,【国民病】諦めないで！つらい肩こりの原因と今すぐできる解消ステップ,%e3%80%90%e5%9b%bd%e6%b0%91%e7%97%85%e3%80%91%e8%ab%a6%e3%82%81%e3%81%aa%e3%81%84%e3%81%a7%ef%bc%81%e3%81%a4%e3%82%89%e3%81%84%e8%82%a9%e3%81%93%e3%82%8a%e3%81%ae%e5%8e%9f%e5%9b%a0%e3%81%a8%e4%bb%8a,https://physical-balance-lab.com/1129/,2025-01-22T13:47:29,0,0,0,0,0
1127,40代からの腰痛、歳のせい？【脊柱側弯症と諦めない】痛みのない快適な毎日を取り戻す方法,40%e4%bb%a3%e3%81%8b%e3%82%89%e3%81%ae%e8%85%b0%e7%97%9b%e3%80%81%e6%ad%b3%e3%81%ae%e3%81%9b%e3%81%84%ef%bc%9f%e3%80%90%e8%84%8a%e6%9f%b1%e5%81%b4%e5%bc%af%e7%97%87%e3%81%a8%e8%ab%a6%e3%82%81%e3%81%aa,https://physical-balance-lab.com/1127/,2025-01-21T17:02:23,0,0,0,0,0
1124,40代女性必見！専門家が教える、今すぐできる腰痛改善の秘訣,40%e4%bb%a3%e5%a5%b3%e6%80%a7%e5%bf%85%e8%a6%8b%ef%bc%81%e5%b0%82%e9%96%80%e5%ae%b6%e3%81%8c%e6%95%99%e3%81%88%e3%82%8b%e3%80%81%e4%bb%8a%e3%81%99%e3%81%90%e3%81%a7%e3%81%8d%e3%82%8b%e8%85%b0%e7%97%9b,https://physical-balance-lab.com/1124/,2025-01-18T17:17:03,0,0,0,0,0
1122,手術なしでもラクになる！脊柱側弯症と腰痛から解放される新常識 ～僕が伝えたい背骨ケアのポイント～,%e6%89%8b%e8%a1%93%e3%81%aa%e3%81%97%e3%81%a7%e3%82%82%e3%83%a9%e3%82%af%e3%81%ab%e3%81%aa%e3%82%8b%ef%bc%81%e8%84%8a%e6%9f%b1%e5%81%b4%e5%bc%af%e7%97%87%e3%81%a8%e8%85%b0%e7%97%9b%e3%81%8b%e3%82%89,https://physical-balance-lab.com/1122/,2025-01-17T11:53:03,0,0,0,0,0
1118,【思春期脊柱側弯症の予防策：健康な成長をサポートするためにできること】,%e3%80%90%e6%80%9d%e6%98%a5%e6%9c%9f%e8%84%8a%e6%9f%b1%e5%81%b4%e5%bc%af%e7%97%87%e3%81%ae%e4%ba%88%e9%98%b2%e7%ad%96%ef%bc%9a%e5%81%a5%e5%ba%b7%e3%81%aa%e6%88%90%e9%95%b7%e3%82%92%e3%82%b5%e3%83%9d,https://physical-balance-lab.com/1118/,2024-12-19T13:53:40,0,0,0,0,0
1116,思春期脊柱側弯症を抱えるお子さんとご家族へ ～心と身体、そして未来へつなぐ安心のサポートガイド～,%e6%80%9d%e6%98%a5%e6%9c%9f%e8%84%8a%e6%9f%b1%e5%81%b4%e5%bc%af%e7%97%87%e3%82%92%e6%8a%b1%e3%81%88%e3%82%8b%e3%81%8a%e5%ad%90%e3%81%95%e3%82%93%e3%81%a8%e3%81%94%e5%ae%b6%e6%97%8f%e3%81%b8-%ef%bd%9e,https://physical-balance-lab.com/1116/,2024-12-18T11:23:30,0,0,0,0,0
1101,脊柱側弯症のストレッチ、気をつけるべき理由と安全な取り組み方,%e8%84%8a%e6%9f%b1%e5%81%b4%e5%bc%af%e7%97%87%e3%81%ae%e3%82%b9%e3%83%88%e3%83%ac%e3%83%83%e3%83%81%e3%80%81%e6%b0%97%e3%82%92%e3%81%a4%e3%81%91%e3%82%8b%e3%81%b9%e3%81%8d%e7%90%86%e7%94%b1%e3%81%a8,https://physical-balance-lab.com/1101/,2024-11-28T11:20:28,0,0,0,0,3
1087,冬に腰痛や坐骨神経痛が悪化する理由と対策は？予防法をわかりやすく解説！,%e5%86%ac%e3%81%ab%e8%85%b0%e7%97%9b%e3%82%84%e5%9d%90%e9%aa%a8%e7%a5%9e%e7%b5%8c%e7%97%9b%e3%81%8c%e6%82%aa%e5%8c%96%e3%81%99%e3%82%8b%e7%90%86%e7%94%b1%e3%81%a8%e5%af%be%e7%ad%96%e3%81%af%ef%bc%9f,https://physical-balance-lab.com/1087/,2024-11-25T10:31:29,0,0,0,0,0
1081,長時間座るのは危険？腰痛を防ぐ新しいアプローチ,%e9%95%b7%e6%99%82%e9%96%93%e5%ba%a7%e3%82%8b%e3%81%ae%e3%81%af%e5%8d%b1%e9%99%ba%ef%bc%9f%e8%85%b0%e7%97%9b%e3%82%92%e9%98%b2%e3%81%90%e6%96%b0%e3%81%97%e3%81%84%e3%82%a2%e3%83%97%e3%83%ad%e3%83%bc,https://physical-balance-lab.com/1081/,2024-11-22T15:39:13,0,0,0,0,0
1079,MRIで腰痛の原因が見える？腰痛持ちの人に多い背骨の変化とは,mri%e3%81%a7%e8%85%b0%e7%97%9b%e3%81%ae%e5%8e%9f%e5%9b%a0%e3%81%8c%e8%a6%8b%e3%81%88%e3%82%8b%ef%bc%9f%e8%85%b0%e7%97%9b%e6%8c%81%e3%81%a1%e3%81%ae%e4%ba%ba%e3%81%ab%e5%a4%9a%e3%81%84%e8%83%8c,https://physical-balance-lab.com/1079/,2024-11-21T11:11:26,0,0,0,0,0
1074,【首の痛み】交通事故後の首・肩の痛みを治す！姿勢改善がカギだった！,%e3%80%90%e9%a6%96%e3%81%ae%e7%97%9b%e3%81%bf%e3%80%91%e4%ba%a4%e9%80%9a%e4%ba%8b%e6%95%85%e5%be%8c%e3%81%ae%e9%a6%96%e3%83%bb%e8%82%a9%e3%81%ae%e7%97%9b%e3%81%bf%e3%82%92%e6%b2%bb%e3%81%99%ef%bc%81,https://physical-balance-lab.com/1074/,2024-11-14T14:39:22,0,0,0,0,0
1070,【衝撃】たった1日30分のウォーキングで腰痛再発リスクが28%も減少！最新研究で判明,%e3%80%90%e8%a1%9d%e6%92%83%e3%80%91%e3%81%9f%e3%81%a3%e3%81%9f1%e6%97%a530%e5%88%86%e3%81%ae%e3%82%a6%e3%82%a9%e3%83%bc%e3%82%ad%e3%83%b3%e3%82%b0%e3%81%a7%e8%85%b0%e7%97%9b%e5%86%8d%e7%99%ba,https://physical-balance-lab.com/1070/,2024-11-13T12:55:36,0,0,0,0,0
1061,放置するとヤバい！？大人の腰痛、その意外な原因と僕が実際に行った施術とは？,%e6%94%be%e7%bd%ae%e3%81%99%e3%82%8b%e3%81%a8%e3%83%a4%e3%83%90%e3%81%84%ef%bc%81%ef%bc%9f%e5%a4%a7%e4%ba%ba%e3%81%ae%e8%85%b0%e7%97%9b%e3%80%81%e3%81%9d%e3%81%ae%e6%84%8f%e5%a4%96%e3%81%aa%e5%8e%9f,https://physical-balance-lab.com/1061/,2024-11-11T11:26:47,0,0,0,0,0
1058,76歳女性の腰痛改善！背骨の専門家が教える3つの治療アプローチ,76%e6%ad%b3%e5%a5%b3%e6%80%a7%e3%81%ae%e8%85%b0%e7%97%9b%e6%94%b9%e5%96%84%ef%bc%81%e8%83%8c%e9%aa%a8%e3%81%ae%e5%b0%82%e9%96%80%e5%ae%b6%e3%81%8c%e6%95%99%e3%81%88%e3%82%8b3%e3%81%a4%e3%81%ae,https://physical-balance-lab.com/1058/,2024-11-09T16:47:18,0,0,0,0,0
1055,「骨盤の歪み」が気になる人へ！整体師が教える意外な真実と簡単改善法,%e3%80%8c%e9%aa%a8%e7%9b%a4%e3%81%ae%e6%ad%aa%e3%81%bf%e3%80%8d%e3%81%8c%e6%b0%97%e3%81%ab%e3%81%aa%e3%82%8b%e4%ba%ba%e3%81%b8%ef%bc%81%e6%95%b4%e4%bd%93%e5%b8%ab%e3%81%8c%e6%95%99%e3%81%88%e3%82%8b,https://physical-balance-lab.com/1055/,2024-11-06T15:36:57,0,0,0,0,0
1050,【頚部痛】整体院長が明かす！「首の痛み」を自分で改善する4つのポイント,%e3%80%90%e9%a0%9a%e9%83%a8%e7%97%9b%e3%80%91%e6%95%b4%e4%bd%93%e9%99%a2%e9%95%b7%e3%81%8c%e6%98%8e%e3%81%8b%e3%81%99%ef%bc%81%e3%80%8c%e9%a6%96%e3%81%ae%e7%97%9b%e3%81%bf%e3%80%8d%e3%82%92%e8%87%aa,https://physical-balance-lab.com/1050/,2024-11-05T15:31:07,0,0,0,0,0
1048,意外と知らない！年齢も姿勢も腰痛の直接原因ではなかった！？,%e6%84%8f%e5%a4%96%e3%81%a8%e7%9f%a5%e3%82%89%e3%81%aa%e3%81%84%ef%bc%81%e5%b9%b4%e9%bd%a2%e3%82%82%e5%a7%bf%e5%8b%a2%e3%82%82%e8%85%b0%e7%97%9b%e3%81%ae%e7%9b%b4%e6%8e%a5%e5%8e%9f%e5%9b%a0%e3%81%a7,https://physical-balance-lab.com/1048/,2024-11-02T12:47:13,0,0,0,0,0
1046,【腰痛】レントゲンやMRIで異常が見つかっても、実は痛みと関係ないかもしれない！,%e3%80%90%e8%85%b0%e7%97%9b%e3%80%91%e3%83%ac%e3%83%b3%e3%83%88%e3%82%b2%e3%83%b3%e3%82%84mri%e3%81%a7%e7%95%b0%e5%b8%b8%e3%81%8c%e8%a6%8b%e3%81%a4%e3%81%8b%e3%81%a3%e3%81%a6%e3%82%82%e3%80%81,https://physical-balance-lab.com/1046/,2024-11-01T16:27:40,0,0,0,0,0
1039,【腰痛：先進国で腰痛が多いのはなぜ？座りすぎとストレス社会の意外な関係】,%e3%80%90%e8%85%b0%e7%97%9b%ef%bc%9a%e5%85%88%e9%80%b2%e5%9b%bd%e3%81%a7%e8%85%b0%e7%97%9b%e3%81%8c%e5%a4%9a%e3%81%84%e3%81%ae%e3%81%af%e3%81%aa%e3%81%9c%ef%bc%9f%e5%ba%a7%e3%82%8a%e3%81%99%e3%81%8e,https://physical-balance-lab.com/1039/,2024-10-30T16:14:49,0,0,0,0,0
1037,【整体師が解説】なぜ股関節の痛みは夜に悪化する？45歳女性の症例から学ぶ最新治療アプローチ！,%e3%80%90%e6%95%b4%e4%bd%93%e5%b8%ab%e3%81%8c%e8%a7%a3%e8%aa%ac%e3%80%91%e3%81%aa%e3%81%9c%e8%82%a1%e9%96%a2%e7%af%80%e3%81%ae%e7%97%9b%e3%81%bf%e3%81%af%e5%a4%9c%e3%81%ab%e6%82%aa%e5%8c%96%e3%81%99,https://physical-balance-lab.com/1037/,2024-10-29T17:10:57,0,0,0,0,0
1035,【整形外科医も驚いた！夜の肩の痛みが劇的に改善する「究極の治療法」を徹底解説】,%e3%80%90%e6%95%b4%e5%bd%a2%e5%a4%96%e7%a7%91%e5%8c%bb%e3%82%82%e9%a9%9a%e3%81%84%e3%81%9f%ef%bc%81%e5%a4%9c%e3%81%ae%e8%82%a9%e3%81%ae%e7%97%9b%e3%81%bf%e3%81%8c%e5%8a%87%e7%9a%84%e3%81%ab%e6%94%b9,https://physical-balance-lab.com/1035/,2024-10-28T11:31:24,0,0,0,0,0
1027,【知っておきたい！坐骨神経痛の3つの原因と意外な真実】,%e3%80%90%e7%9f%a5%e3%81%a3%e3%81%a6%e3%81%8a%e3%81%8d%e3%81%9f%e3%81%84%ef%bc%81%e5%9d%90%e9%aa%a8%e7%a5%9e%e7%b5%8c%e7%97%9b%e3%81%ae3%e3%81%a4%e3%81%ae%e5%8e%9f%e5%9b%a0%e3%81%a8%e6%84%8f%e5%a4%96,https://physical-balance-lab.com/1027/,2024-10-27T11:46:15,0,0,0,0,0
1019,【睡眠不足と腰痛の関係：「今日からできる！」質の良い睡眠で腰痛予防】,%e3%80%90%e7%9d%a1%e7%9c%a0%e4%b8%8d%e8%b6%b3%e3%81%a8%e8%85%b0%e7%97%9b%e3%81%ae%e9%96%a2%e4%bf%82%ef%bc%9a%e3%80%8c%e4%bb%8a%e6%97%a5%e3%81%8b%e3%82%89%e3%81%a7%e3%81%8d%e3%82%8b%ef%bc%81%e3%80%8d,https://physical-balance-lab.com/1019/,2024-10-25T17:21:06,0,0,0,0,0
1014,【「正しい姿勢＝腰痛にならない？」 勘違いしやすい姿勢の話】,%e3%80%90%e3%80%8c%e6%ad%a3%e3%81%97%e3%81%84%e5%a7%bf%e5%8b%a2%ef%bc%9d%e8%85%b0%e7%97%9b%e3%81%ab%e3%81%aa%e3%82%89%e3%81%aa%e3%81%84%ef%bc%9f%e3%80%8d-%e5%8b%98%e9%81%95%e3%81%84%e3%81%97%e3%82%84,https://physical-balance-lab.com/1014/,2024-10-24T16:06:50,0,0,0,0,0
1002,【腰痛の種類と原因：レントゲンに映らない8割の腰痛とは？】,%e3%80%90%e8%85%b0%e7%97%9b%e3%81%ae%e7%a8%ae%e9%a1%9e%e3%81%a8%e5%8e%9f%e5%9b%a0%ef%bc%9a%e3%83%ac%e3%83%b3%e3%83%88%e3%82%b2%e3%83%b3%e3%81%ab%e6%98%a0%e3%82%89%e3%81%aa%e3%81%848%e5%89%b2%e3%81%ae,https://physical-balance-lab.com/1002/,2024-10-22T10:36:21,0,0,0,0,0
995,【腰痛を悪化させる意外な行動：腹筋運動はNG？】,%e3%80%90%e8%85%b0%e7%97%9b%e3%82%92%e6%82%aa%e5%8c%96%e3%81%95%e3%81%9b%e3%82%8b%e6%84%8f%e5%a4%96%e3%81%aa%e8%a1%8c%e5%8b%95%ef%bc%9a%e8%85%b9%e7%ad%8b%e9%81%8b%e5%8b%95%e3%81%afng%ef%bc%9f%e3%80%91,https://physical-balance-lab.com/995/,2024-10-21T14:52:55,0,0,0,0,0
993,【反り腰と腰痛の関係の基本をおさらい】,%e3%80%90%e5%8f%8d%e3%82%8a%e8%85%b0%e3%81%a8%e8%85%b0%e7%97%9b%e3%81%ae%e9%96%a2%e4%bf%82%e3%81%ae%e5%9f%ba%e6%9c%ac%e3%82%92%e3%81%8a%e3%81%95%e3%82%89%e3%81%84%e3%80%91,https://physical-balance-lab.com/993/,2024-10-18T16:47:35,0,0,0,0,0
990,【大人でも脊柱の形状は変えられる？側弯症の新常識！】,%e3%80%90%e5%a4%a7%e4%ba%ba%e3%81%a7%e3%82%82%e8%84%8a%e6%9f%b1%e3%81%ae%e5%bd%a2%e7%8a%b6%e3%81%af%e5%a4%89%e3%81%88%e3%82%89%e3%82%8c%e3%82%8b%ef%bc%9f%e5%81%b4%e5%bc%af%e7%97%87%e3%81%ae%e6%96%b0,https://physical-balance-lab.com/990/,2024-10-16T19:15:52,0,0,0,0,0
984,【ZOZOスーツが脊柱側弯症対策に革命を起こす！？早期発見・治療で未来を変える！】,%e3%80%90zozo%e3%82%b9%e3%83%bc%e3%83%84%e3%81%8c%e8%84%8a%e6%9f%b1%e5%81%b4%e5%bc%af%e7%97%87%e5%af%be%e7%ad%96%e3%81%ab%e9%9d%a9%e5%91%bd%e3%82%92%e8%b5%b7%e3%81%93%e3%81%99%ef%bc%81%ef%bc%9f,https://physical-balance-lab.com/984/,2024-10-03T17:44:45,0,0,0,0,0
978,【腰痛治療の新常識！？】手術後の骨粗鬆症リスク、その驚きの実態と対策とは,%e3%80%90%e8%85%b0%e7%97%9b%e6%b2%bb%e7%99%82%e3%81%ae%e6%96%b0%e5%b8%b8%e8%ad%98%ef%bc%81%ef%bc%9f%e3%80%91%e6%89%8b%e8%a1%93%e5%be%8c%e3%81%ae%e9%aa%a8%e7%b2%97%e9%ac%86%e7%97%87%e3%83%aa%e3%82%b9,https://physical-balance-lab.com/978/,2024-09-25T11:36:07,0,0,0,0,0
971,思春期の側弯症、軽度だから安心はできない！最新の研究でわかった早期治療の重要性,%e6%80%9d%e6%98%a5%e6%9c%9f%e3%81%ae%e5%81%b4%e5%bc%af%e7%97%87%e3%80%81%e8%bb%bd%e5%ba%a6%e3%81%a0%e3%81%8b%e3%82%89%e5%ae%89%e5%bf%83%e3%81%af%e3%81%a7%e3%81%8d%e3%81%aa%e3%81%84%ef%bc%81%e6%9c%80,https://physical-balance-lab.com/971/,2024-09-17T14:41:02,0,0,0,0,0
962,【五十肩】夜寝てると肩が痛い原因は〇〇だった！？姿勢分析で根本原因に迫る！,%e3%80%90%e4%ba%94%e5%8d%81%e8%82%a9%e3%80%91%e5%a4%9c%e5%af%9d%e3%81%a6%e3%82%8b%e3%81%a8%e8%82%a9%e3%81%8c%e7%97%9b%e3%81%84%e5%8e%9f%e5%9b%a0%e3%81%af%e3%80%87%e3%80%87%e3%81%a0%e3%81%a3%e3%81%9f,https://physical-balance-lab.com/962/,2024-09-11T09:46:19,0,0,0,0,0
952,【腰痛解説】脊柱管狭窄症の症状と治療法を論文に基づいて解説！,%e3%80%90%e8%85%b0%e7%97%9b%e8%a7%a3%e8%aa%ac%e3%80%91%e8%84%8a%e6%9f%b1%e7%ae%a1%e7%8b%ad%e7%aa%84%e7%97%87%e3%81%ae%e7%97%87%e7%8a%b6%e3%81%a8%e6%b2%bb%e7%99%82%e6%b3%95%e3%82%92%e8%ab%96%e6%96%87,https://physical-balance-lab.com/952/,2024-09-04T22:00:34,0,0,0,0,0
947,【あなたの腰痛、実は老化のせい！？～整体院でプロテインを勧められる理由～】,%e3%80%90%e3%81%82%e3%81%aa%e3%81%9f%e3%81%ae%e8%85%b0%e7%97%9b%e3%80%81%e5%ae%9f%e3%81%af%e8%80%81%e5%8c%96%e3%81%ae%e3%81%9b%e3%81%84%ef%bc%81%ef%bc%9f%ef%bd%9e%e6%95%b4%e4%bd%93%e9%99%a2%e3%81%a7,https://physical-balance-lab.com/947/,2024-08-30T17:53:47,0,0,0,0,0
943,【五十肩にも関係ある？パキパキ鳴る関節音の正体は？ 気にし過ぎはNG！その理由とメカニズムを解説】,%e3%80%90%e4%ba%94%e5%8d%81%e8%82%a9%e3%81%ab%e3%82%82%e9%96%a2%e4%bf%82%e3%81%82%e3%82%8b%ef%bc%9f%e3%83%91%e3%82%ad%e3%83%91%e3%82%ad%e9%b3%b4%e3%82%8b%e9%96%a2%e7%af%80%e9%9f%b3%e3%81%ae%e6%ad%a3,https://physical-balance-lab.com/943/,2024-08-27T14:49:28,0,0,0,0,0
926,【最新の腰椎椎間板ヘルニア治療！酵素注入療法ってホントに効果あるの？】,926,https://physical-balance-lab.com/926/,2024-08-23T10:39:01,0,0,0,0,0
923,【腰痛：骨盤ベルトって本当に効果あるの？ 筋肉への影響とバランス能力向上について解説！】,%e3%80%90%e8%85%b0%e7%97%9b%ef%bc%9a%e9%aa%a8%e7%9b%a4%e3%83%99%e3%83%ab%e3%83%88%e3%81%a3%e3%81%a6%e6%9c%ac%e5%bd%93%e3%81%ab%e5%8a%b9%e6%9e%9c%e3%81%82%e3%82%8b%e3%81%ae%ef%bc%9f-%e7%ad%8b%e8%82%89,https://physical-balance-lab.com/923/,2024-08-21T12:12:16,0,0,0,0,0
917,【脊柱側弯症の手術を受けた10年後の痛みは？2023年研究データから見えてきたこと】,%e3%80%90%e8%84%8a%e6%9f%b1%e5%81%b4%e5%bc%af%e7%97%87%e6%89%8b%e8%a1%93%e3%81%ae%e7%a0%94%e7%a9%b6%e3%83%87%e3%83%bc%e3%82%bf%e3%81%8b%e3%82%89%e8%a6%8b%e3%81%88%e3%81%a6%e3%81%8d%e3%81%9f%e3%81%93,https://physical-balance-lab.com/917/,2024-08-19T21:08:16,0,0,0,0,0
905,【骨盤矯正って効果あるの？】本当は歪んでいない？骨盤の歪みメカニズムを解説,%e3%80%90%e9%aa%a8%e7%9b%a4%e7%9f%af%e6%ad%a3%e3%81%a3%e3%81%a6%e5%8a%b9%e6%9e%9c%e3%81%82%e3%82%8b%e3%81%ae%ef%bc%9f%e3%80%91%e6%9c%ac%e5%bd%93%e3%81%af%e6%ad%aa%e3%82%93%e3%81%a7%e3%81%84%e3%81%aa,https://physical-balance-lab.com/905/,2024-08-15T20:15:59,0,0,0,0,0
892,【シュロス法が脊柱側弯症改善に効果があるという研究データ】,%e3%80%90%e3%82%b7%e3%83%a5%e3%83%ad%e3%82%b9%e6%b3%95%e3%81%8c%e8%84%8a%e6%9f%b1%e5%81%b4%e5%bc%af%e7%97%87%e6%94%b9%e5%96%84%e3%81%ab%e5%8a%b9%e6%9e%9c%e3%81%8c%e3%81%82%e3%82%8b%e3%81%a8%e3%81%84,https://physical-balance-lab.com/892/,2024-08-09T12:26:41,0,0,0,0,0
888,【側弯症に推奨！ピラティスで姿勢が良くなる!? 最新研究からわかったすごい効果！】,%e3%80%90%e5%81%b4%e5%bc%af%e7%97%87%e3%81%ab%e6%8e%a8%e5%a5%a8%ef%bc%81%e3%83%94%e3%83%a9%e3%83%86%e3%82%a3%e3%82%b9%e3%81%a7%e5%a7%bf%e5%8b%a2%e3%81%8c%e8%89%af%e3%81%8f%e3%81%aa%e3%82%8b,https://physical-balance-lab.com/888/,2024-08-08T11:41:38,0,0,0,0,0
883,【腰痛改善に人気の運動！ピラティスとヨガ、似てるけど違うの？その特徴を比べてみよう！】,%e3%80%90%e8%85%b0%e7%97%9b%e6%94%b9%e5%96%84%e3%81%ab%e4%ba%ba%e6%b0%97%e3%81%ae%e9%81%8b%e5%8b%95%ef%bc%81%e3%83%94%e3%83%a9%e3%83%86%e3%82%a3%e3%82%b9%e3%81%a8%e3%83%a8%e3%82%ac%e3%80%81%e4%bc%bc,https://physical-balance-lab.com/883/,2024-08-06T19:03:36,0,0,0,0,0
881,【朝、腰が痛くて起き上がれない…。その原因とアドバイスまとめ！】,%e3%80%90%e6%9c%9d%e3%80%81%e8%85%b0%e3%81%8c%e7%97%9b%e3%81%8f%e3%81%a6%e8%b5%b7%e3%81%8d%e4%b8%8a%e3%81%8c%e3%82%8c%e3%81%aa%e3%81%84%e3%80%82%e3%81%9d%e3%81%ae%e5%8e%9f%e5%9b%a0%e3%81%a8,https://physical-balance-lab.com/881/,2024-08-05T14:06:32,0,0,0,0,0
877,【基礎解剖学シリーズ①：「人体の要＝脊椎」を解説】,%e3%80%90%e5%9f%ba%e7%a4%8e%e8%a7%a3%e5%89%96%e5%ad%a6%e3%82%b7%e3%83%aa%e3%83%bc%e3%82%ba%e2%91%a0%ef%bc%9a%e3%80%8c%e4%ba%ba%e4%bd%93%e3%81%ae%e8%a6%81%ef%bc%9d%e8%84%8a%e6%a4%8e%e3%80%8d%e3%82%92,https://physical-balance-lab.com/877/,2024-08-02T16:16:05,0,0,0,0,0
872,【脊柱側弯症を早く見つける検査法！】,%e3%80%90%e8%84%8a%e6%9f%b1%e5%81%b4%e5%bc%af%e7%97%87%e3%82%92%e6%97%a9%e3%81%8f%e8%a6%8b%e3%81%a4%e3%81%91%e3%82%8b%e6%a4%9c%e6%9f%bb%e6%b3%95%ef%bc%81%e3%80%91,https://physical-balance-lab.com/872/,2024-08-01T12:44:24,0,0,0,0,0
868,【夏バテと腰痛の不思議な関係 〜自律神経が鍵を握る！〜】,%e3%80%90%e5%a4%8f%e3%83%90%e3%83%86%e3%81%a8%e8%85%b0%e7%97%9b%e3%81%ae%e4%b8%8d%e6%80%9d%e8%ad%b0%e3%81%aa%e9%96%a2%e4%bf%82-%e3%80%9c%e8%87%aa%e5%be%8b%e7%a5%9e%e7%b5%8c%e3%81%8c%e9%8d%b5%e3%82%92,https://physical-balance-lab.com/868/,2024-07-31T13:38:43,0,0,0,0,0
852,【腰痛：医師の共感力が患者の痛みを和らげる！？最新研究の詳細と驚きの結果とは！】,%e3%80%90%e8%85%b0%e7%97%9b%ef%bc%9a%e5%8c%bb%e5%b8%ab%e3%81%ae%e5%85%b1%e6%84%9f%e5%8a%9b%e3%81%8c%e6%82%a3%e8%80%85%e3%81%ae%e7%97%9b%e3%81%bf%e3%82%92%e5%92%8c%e3%82%89%e3%81%92%e3%82%8b%ef%bc%81,https://physical-balance-lab.com/852/,2024-07-30T13:28:40,0,0,0,0,0
848,【腰痛：思春期特発性側弯症の子どもたちの3年間を調査して分かったこと】,%e3%80%90%e8%85%b0%e7%97%9b%ef%bc%9a%e6%80%9d%e6%98%a5%e6%9c%9f%e7%89%b9%e7%99%ba%e6%80%a7%e5%81%b4%e5%bc%af%e7%97%87%e3%81%ae%e5%ad%90%e3%81%a9%e3%82%82%e3%81%9f%e3%81%a1%e3%81%ae3%e5%b9%b4%e9%96%93,https://physical-balance-lab.com/848/,2024-07-26T15:20:23,0,0,0,0,0
842,【腰痛：「椎間板ヘルニア」と診断されたのに「様子を見ましょう」言われた話】,%e3%80%90%e8%85%b0%e7%97%9b%ef%bc%9a%e3%80%8c%e6%a4%8e%e9%96%93%e6%9d%bf%e3%83%98%e3%83%ab%e3%83%8b%e3%82%a2%e3%80%8d%e3%81%a8%e8%a8%ba%e6%96%ad%e3%81%95%e3%82%8c%e3%81%9f%e3%81%ae%e3%81%ab%e3%80%8c,https://physical-balance-lab.com/842/,2024-07-25T20:13:01,0,0,0,0,0
839,【足がつる原因と対策について徹底解説！】,%e3%80%90%e8%b6%b3%e3%81%8c%e3%81%a4%e3%82%8b%e5%8e%9f%e5%9b%a0%e3%81%a8%e5%af%be%e7%ad%96%e3%81%ab%e3%81%a4%e3%81%84%e3%81%a6%e5%be%b9%e5%ba%95%e8%a7%a3%e8%aa%ac%ef%bc%81%e3%80%91,https://physical-balance-lab.com/839/,2024-07-24T10:56:16,0,0,0,0,0
834,【慢性腰痛になりやすい人の特徴TOP5】,%e3%80%90%e6%85%a2%e6%80%a7%e8%85%b0%e7%97%9b%e3%81%ae%e3%81%aa%e3%82%8a%e3%82%84%e3%81%99%e3%81%84%e4%ba%ba%e3%81%ae%e7%89%b9%e5%be%b4top5%e3%80%91,https://physical-balance-lab.com/834/,2024-07-22T13:48:46,0,0,0,0,0
830,【腰痛改善へのヒントをWHOガイドラインから学ぶ】,%e3%80%90%e8%85%b0%e7%97%9b%e6%94%b9%e5%96%84%e3%81%b8%e3%81%ae%e3%83%92%e3%83%b3%e3%83%88%e3%82%92who%e3%82%ac%e3%82%a4%e3%83%89%e3%83%a9%e3%82%a4%e3%83%b3%e3%81%8b%e3%82%89%e5%ad%a6%e3%81%b6,https://physical-balance-lab.com/830/,2024-07-19T15:26:15,0,0,0,0,0
824,【安心してください！子どもの脊柱側弯症の統計と割合から見る実態】,%e3%80%90%e5%ae%89%e5%bf%83%e3%81%97%e3%81%a6%e3%81%8f%e3%81%a0%e3%81%95%e3%81%84%ef%bc%81%e5%ad%90%e3%81%a9%e3%82%82%e3%81%ae%e8%84%8a%e6%9f%b1%e5%81%b4%e5%bc%af%e7%97%87%e3%81%ae%e7%b5%b1%e8%a8%88,https://physical-balance-lab.com/824/,2024-07-18T16:52:06,0,0,0,0,0
814,【腰痛：膝の伸展制限と腰痛の意外な関係！原因から対策まで徹底解説！】,%e3%80%90%e8%85%b0%e7%97%9b%ef%bc%9a%e8%86%9d%e3%81%ae%e4%bc%b8%e5%b1%95%e5%88%b6%e9%99%90%e3%81%a8%e8%85%b0%e7%97%9b%e3%81%ae%e6%84%8f%e5%a4%96%e3%81%aa%e9%96%a2%e4%bf%82%ef%bc%81%e5%8e%9f%e5%9b%a0,https://physical-balance-lab.com/814/,2024-07-16T17:30:41,0,0,0,0,0
812,【頚椎症：首と肩の痛みを改善！日常生活での対策と整体の効果】,%e3%80%90%e9%a0%9a%e6%a4%8e%e7%97%87%ef%bc%9a%e9%a6%96%e3%81%a8%e8%82%a9%e3%81%ae%e7%97%9b%e3%81%bf%e3%82%92%e6%94%b9%e5%96%84%ef%bc%81%e6%97%a5%e5%b8%b8%e7%94%9f%e6%b4%bb%e3%81%a7%e3%81%ae%e5%af%be,https://physical-balance-lab.com/812/,2024-07-11T17:49:06,0,0,0,0,0
808,【夏の暑さで悪化する腰痛・肩こり、その原因と対策】,%e3%80%90%e5%a4%8f%e3%81%ae%e6%9a%91%e3%81%95%e3%81%a7%e6%82%aa%e5%8c%96%e3%81%99%e3%82%8b%e8%85%b0%e7%97%9b%e3%83%bb%e8%82%a9%e3%81%93%e3%82%8a%e3%80%81%e3%81%9d%e3%81%ae%e5%8e%9f%e5%9b%a0%e3%81%a8,https://physical-balance-lab.com/808/,2024-07-10T11:05:30,0,0,0,0,0
806,【側弯症：リアルな会話から紐解く、首の痛みの原因】,%e3%80%90%e5%81%b4%e5%bc%af%e7%97%87%ef%bc%9a%e3%83%aa%e3%82%a2%e3%83%ab%e3%81%aa%e4%bc%9a%e8%a9%b1%e3%81%8b%e3%82%89%e7%b4%90%e8%a7%a3%e3%81%8f%e3%80%81%e9%a6%96%e3%81%ae%e7%97%9b%e3%81%bf%e3%81%ae,https://physical-balance-lab.com/806/,2024-07-09T16:28:33,0,0,0,0,0
804,【膝痛：ゴルフ好き必見！膝の内側の痛みにさよなら！その原因と効果的なケアをご紹介】,%e3%80%90%e8%86%9d%e7%97%9b%ef%bc%9a%e3%82%b4%e3%83%ab%e3%83%95%e5%a5%bd%e3%81%8d%e5%bf%85%e8%a6%8b%ef%bc%81%e8%86%9d%e3%81%ae%e5%86%85%e5%81%b4%e3%81%ae%e7%97%9b%e3%81%bf%e3%81%ab%e3%81%95%e3%82%88,https://physical-balance-lab.com/804/,2024-07-08T12:18:52,0,0,0,0,0
802,【肩こりの原因はストレートネックかも！？2つのパターンと対策を解説！】,%e3%80%90%e8%82%a9%e3%81%93%e3%82%8a%e3%81%ae%e5%8e%9f%e5%9b%a0%e3%81%af%e3%82%b9%e3%83%88%e3%83%ac%e3%83%bc%e3%83%88%e3%83%8d%e3%83%83%e3%82%af%e3%81%8b%e3%82%82%ef%bc%81%ef%bc%9f2%e3%81%a4%e3%81%ae,https://physical-balance-lab.com/802/,2024-07-05T10:15:28,0,0,0,0,0
800,【腰痛：腰椎椎間板ヘルニア、手術の前にちょっと待った！整体師が教えるホントウのところ】,%e3%80%90%e8%85%b0%e7%97%9b%ef%bc%9a%e8%85%b0%e6%a4%8e%e6%a4%8e%e9%96%93%e6%9d%bf%e3%83%98%e3%83%ab%e3%83%8b%e3%82%a2%e3%80%81%e6%89%8b%e8%a1%93%e3%81%ae%e5%89%8d%e3%81%ab%e3%81%a1%e3%82%87%e3%81%a3,https://physical-balance-lab.com/800/,2024-07-04T17:16:48,0,0,0,0,0
798,【腰痛：効果のある腰痛対策を総まとめ！】,%e3%80%90%e8%85%b0%e7%97%9b%ef%bc%9a%e5%8a%b9%e6%9e%9c%e3%81%ae%e3%81%82%e3%82%8b%e8%85%b0%e7%97%9b%e5%af%be%e7%ad%96%e3%82%92%e7%b7%8f%e3%81%be%e3%81%a8%e3%82%81%ef%bc%81%e3%80%91,https://physical-balance-lab.com/798/,2024-07-03T15:40:33,0,0,0,0,0
796,【腰痛：知らないと危険！腰痛と脱水の意外な関係】,%e3%80%90%e8%85%b0%e7%97%9b%ef%bc%9a%e7%9f%a5%e3%82%89%e3%81%aa%e3%81%84%e3%81%a8%e5%8d%b1%e9%99%ba%ef%bc%81%e8%85%b0%e7%97%9b%e3%81%a8%e8%84%b1%e6%b0%b4%e3%81%ae%e6%84%8f%e5%a4%96%e3%81%aa%e9%96%a2,https://physical-balance-lab.com/796/,2024-07-02T23:59:10,0,0,0,0,0
793,【側弯症：本当に治してくれる整体院の選び方】,%e3%80%90%e5%81%b4%e5%bc%af%e7%97%87%ef%bc%9a%e6%9c%ac%e5%bd%93%e3%81%ab%e6%b2%bb%e3%81%97%e3%81%a6%e3%81%8f%e3%82%8c%e3%82%8b%e6%95%b4%e4%bd%93%e9%99%a2%e3%81%ae%e9%81%b8%e3%81%b3%e6%96%b9%e3%80%91,https://physical-balance-lab.com/793/,2024-07-01T18:36:42,0,0,0,0,0
788,【側弯症：脊柱側弯症治療は、患者さんの悩みを理解することから】,%e3%80%90%e5%81%b4%e5%bc%af%e7%97%87%ef%bc%9a%e8%84%8a%e6%9f%b1%e5%81%b4%e5%bc%af%e7%97%87%e6%b2%bb%e7%99%82%e3%81%af%e3%80%81%e6%82%a3%e8%80%85%e3%81%95%e3%82%93%e3%81%ae%e6%82%a9%e3%81%bf%e3%82%92,https://physical-balance-lab.com/788/,2024-06-28T11:31:59,0,0,0,0,0
781,【側弯症：女性が悩む脊柱側弯症の5つの症状】,%e3%80%90%e5%81%b4%e5%bc%af%e7%97%87%ef%bc%9a%e5%a5%b3%e6%80%a7%e3%81%8c%e6%82%a9%e3%82%80%e8%84%8a%e6%9f%b1%e5%81%b4%e5%bc%af%e7%97%87%e3%81%ae5%e3%81%a4%e3%81%ae%e7%97%87%e7%8a%b6%e3%80%91,https://physical-balance-lab.com/781/,2024-06-26T17:53:59,0,0,0,0,0
770,【側弯症：脊柱側弯症と腰痛、実はこんな関係があるんです！】,%e3%80%90%e5%81%b4%e5%bc%af%e7%97%87%ef%bc%9a%e8%84%8a%e6%9f%b1%e5%81%b4%e5%bc%af%e7%97%87%e3%81%a8%e8%85%b0%e7%97%9b%e3%80%81%e5%ae%9f%e3%81%af%e3%81%93%e3%82%93%e3%81%aa%e9%96%a2%e4%bf%82%e3%81%8c,https://physical-balance-lab.com/770/,2024-06-24T11:01:00,0,0,0,0,0
766,【膝痛：歩き方の意識で痛みを改善！登山愛好家の方へのアドバイス】,%e3%80%90%e8%86%9d%e7%97%9b%ef%bc%9a%e6%ad%a9%e3%81%8d%e6%96%b9%e3%81%ae%e6%84%8f%e8%ad%98%e3%81%a7%e7%97%9b%e3%81%bf%e3%82%92%e6%94%b9%e5%96%84%ef%bc%81%e7%99%bb%e5%b1%b1%e6%84%9b%e5%a5%bd%e5%ae%b6,https://physical-balance-lab.com/766/,2024-06-21T13:29:49,0,0,0,0,0
761,【五十肩：肩こりが悪化して五十肩に！？デスクワーカーは要注意！】,%e3%80%90%e4%ba%94%e5%8d%81%e8%82%a9%ef%bc%9a%e8%82%a9%e3%81%93%e3%82%8a%e3%81%8c%e6%82%aa%e5%8c%96%e3%81%97%e3%81%a6%e4%ba%94%e5%8d%81%e8%82%a9%e3%81%ab%ef%bc%81%ef%bc%9f%e3%83%87%e3%82%b9%e3%82%af,https://physical-balance-lab.com/761/,2024-06-20T18:25:19,0,0,0,0,0
757,【腰痛：水は「生活費」です！生活費を削っては体は貧乏になってしまいます。】,%e3%80%90%e8%85%b0%e7%97%9b%ef%bc%9a%e6%b0%b4%e3%81%af%e3%80%8c%e7%94%9f%e6%b4%bb%e8%b2%bb%e3%80%8d%e3%81%a7%e3%81%99%ef%bc%81%e7%94%9f%e6%b4%bb%e8%b2%bb%e3%82%92%e5%89%8a%e3%81%a3%e3%81%a6%e3%81%af,https://physical-balance-lab.com/757/,2024-06-19T15:34:37,0,0,0,0,0
751,【五十肩に悩む動物園の飼育委員さんの話】,%e3%80%90%e4%ba%94%e5%8d%81%e8%82%a9%e3%81%ab%e6%82%a9%e3%82%80%e5%8b%95%e7%89%a9%e5%9c%92%e3%81%ae%e9%a3%bc%e8%82%b2%e5%a7%94%e5%93%a1%e3%81%95%e3%82%93%e3%81%ae%e8%a9%b1%e3%80%91,https://physical-balance-lab.com/751/,2024-06-18T19:24:56,0,0,0,0,0
748,【肩こり：患者様体験談！肩こりからくる自律神経の乱れ、整体でどこまで改善？】,%e3%80%90%e8%82%a9%e3%81%93%e3%82%8a%ef%bc%9a%e6%82%a3%e8%80%85%e6%a7%98%e4%bd%93%e9%a8%93%e8%ab%87%ef%bc%81%e8%82%a9%e3%81%93%e3%82%8a%e3%81%8b%e3%82%89%e3%81%8f%e3%82%8b%e8%87%aa%e5%be%8b%e7%a5%9e,https://physical-balance-lab.com/748/,2024-06-17T14:15:23,0,0,0,0,0
744,【肩の痛み：テニスプレーヤーを悩ます体のねじれ、その原因と改善策とは？】,%e3%80%90%e8%82%a9%e3%81%ae%e7%97%9b%e3%81%bf%ef%bc%9a%e3%83%86%e3%83%8b%e3%82%b9%e3%83%97%e3%83%ac%e3%83%bc%e3%83%a4%e3%83%bc%e3%82%92%e6%82%a9%e3%81%be%e3%81%99%e4%bd%93%e3%81%ae%e3%81%ad%e3%81%98,https://physical-balance-lab.com/744/,2024-06-14T18:07:12,0,0,0,0,0
790,【脊柱側弯症に対する僕の治療哲学】,%e3%80%90%e8%84%8a%e6%9f%b1%e5%81%b4%e5%bc%af%e7%97%87%e3%81%ab%e5%af%be%e3%81%99%e3%82%8b%e5%83%95%e3%81%ae%e6%b2%bb%e7%99%82%e5%93%b2%e5%ad%a6%e3%80%91,https://physical-balance-lab.com/790/,2024-06-13T11:36:19,0,0,0,0,0
729,【肩こり：放置すると体に悪影響？！つらい首こり、その原因は〇〇にあった？！】,%e3%80%90%e8%82%a9%e3%81%93%e3%82%8a%ef%bc%9a%e6%94%be%e7%bd%ae%e3%81%99%e3%82%8b%e3%81%a8%e4%bd%93%e3%81%ab%e6%82%aa%e5%bd%b1%e9%9f%bf%ef%bc%9f%ef%bc%81%e3%81%a4%e3%82%89%e3%81%84%e9%a6%96%e3%81%93,https://physical-balance-lab.com/729/,2024-06-11T14:54:01,0,0,0,0,0
722,【腰痛：放っておくと大変なことに…？！その腰痛、実は股関節が原因かも？】,%e3%80%90%e8%85%b0%e7%97%9b%ef%bc%9a%e3%81%a3%e3%81%a6%e3%81%8a%e3%81%8f%e3%81%a8%e5%a4%a7%e5%a4%89%e3%81%aa%e3%81%93%e3%81%a8%e3%81%ab%ef%bc%9f%ef%bc%81%e3%81%9d%e3%81%ae%e8%85%b0%e7%97%9b,https://physical-balance-lab.com/722/,2024-06-10T12:57:06,0,0,0,0,0
718,【腰痛：僕は「腰痛は治りました！」を鵜呑みにしません！大切なのは『姿勢』を維持できているかどうか！】,%e3%80%90%e8%85%b0%e7%97%9b%ef%bc%9a%e5%83%95%e3%81%af%e3%80%8c%e8%85%b0%e7%97%9b%e3%81%af%e6%b2%bb%e3%82%8a%e3%81%be%e3%81%97%e3%81%9f%ef%bc%81%e3%80%8d%e3%82%92%e9%b5%9c%e5%91%91%e3%81%bf%e3%81%ab,https://physical-balance-lab.com/718/,2024-06-08T19:09:19,0,0,0,0,0
709,【肩こり：デスクワークでガチガチ…肩こりからの解放！自然な姿勢を取り戻すための「巻き肩解消」の秘訣とは？】,%e3%80%90%e8%82%a9%e3%81%93%e3%82%8a%ef%bc%9a%e3%83%87%e3%82%b9%e3%82%af%e3%83%af%e3%83%bc%e3%82%af%e3%81%a7%e3%82%ac%e3%83%81%e3%82%ac%e3%83%81%e8%82%a9%e3%81%93%e3%82%8a%e3%81%8b%e3%82%89,https://physical-balance-lab.com/709/,2024-06-07T14:58:18,0,0,0,0,0
699,【腰痛：長距離運転が多いあなたへ。整体師が教える肩や腰の負担を軽減するストレッチ】,%e3%80%90%e8%85%b0%e7%97%9b%ef%bc%9a%e9%95%b7%e8%b7%9d%e9%9b%a2%e9%81%8b%e8%bb%a2%e3%81%8c%e5%a4%9a%e3%81%84%e3%81%82%e3%81%aa%e3%81%9f%e3%81%b8%e3%80%82%e6%95%b4%e4%bd%93%e5%b8%ab%e3%81%8c%e6%95%99,https://physical-balance-lab.com/699/,2024-06-06T12:01:46,0,0,0,0,0
672,【腰痛？五十肩？：デスクワークと右肩の違和感の正体！整体で明らかになった体の歪み】,%e3%80%90%e8%85%b0%e7%97%9b%ef%bc%9f%e4%ba%94%e5%8d%81%e8%82%a9%ef%bc%9f%ef%bc%9a%e3%83%87%e3%82%b9%e3%82%af%e3%83%af%e3%83%bc%e3%82%af%e3%81%a8%e5%8f%b3%e8%82%a9%e3%81%ae%e9%81%95%e5%92%8c%e6%84%9f,https://physical-balance-lab.com/672/,2024-06-05T10:17:41,0,0,0,0,0
667,【側弯症：背骨のゆがみがもたらす危険信号！脊柱側弯症の理解】,%e3%80%90%e5%81%b4%e5%bc%af%e7%97%87%ef%bc%9a%e8%83%8c%e9%aa%a8%e3%81%ae%e3%82%86%e3%81%8c%e3%81%bf%e3%81%8c%e3%82%82%e3%81%9f%e3%82%89%e3%81%99%e5%8d%b1%e9%99%ba%e4%bf%a1%e5%8f%b7%ef%bc%81%e8%84%8a,https://physical-balance-lab.com/667/,2024-06-03T16:18:50,0,0,0,0,0
661,【足がつる原因：これからは「水」が重要です！】,%e3%80%90%e8%b6%b3%e3%81%8c%e3%81%a4%e3%82%8b%e5%8e%9f%e5%9b%a0%ef%bc%9a%e3%81%93%e3%82%8c%e3%81%8b%e3%82%89%e3%81%af%e3%80%8c%e6%b0%b4%e3%80%8d%e3%81%8c%e9%87%8d%e8%a6%81%e3%81%a7%e3%81%99%ef%bc%81,https://physical-balance-lab.com/661/,2024-05-31T11:42:02,0,0,0,0,0
657,【五十肩：40代主婦を襲った激痛！その原因は肩の「軸ズレ」だった？！～整体師が解説する原因と対策～】,%e3%80%90%e4%ba%94%e5%8d%81%e8%82%a9%ef%bc%9a40%e4%bb%a3%e4%b8%bb%e5%a9%a6%e3%82%92%e8%a5%b2%e3%81%a3%e3%81%9f%e6%bf%80%e7%97%9b%ef%bc%81%e3%81%9d%e3%81%ae%e5%8e%9f%e5%9b%a0%e3%81%af%e8%82%a9%e3%81%ae,https://physical-balance-lab.com/657/,2024-05-30T16:36:50,0,0,0,0,0
648,【五十肩：放置すると腕が上がらなくなる！？マッサージ師を襲った「肩の痛み」の意外な原因とは】,%e3%80%90%e4%ba%94%e5%8d%81%e8%82%a9%ef%bc%9a%e6%94%be%e7%bd%ae%e3%81%99%e3%82%8b%e3%81%a8%e8%85%95%e3%81%8c%e4%b8%8a%e3%81%8c%e3%82%89%e3%81%aa%e3%81%8f%e3%81%aa%e3%82%8b%ef%bc%81%ef%bc%9f%e3%83%9e,https://physical-balance-lab.com/648/,2024-05-29T23:02:01,0,0,0,0,0
634,【五十肩：年齢は関係ない！若い世代でも発症する五十肩の真実】,%e3%80%90%e4%ba%94%e5%8d%81%e8%82%a9%ef%bc%9a%e5%b9%b4%e9%bd%a2%e3%81%af%e9%96%a2%e4%bf%82%e3%81%aa%e3%81%84%ef%bc%81%e8%8b%a5%e3%81%84%e4%b8%96%e4%bb%a3%e3%81%a7%e3%82%82%e7%99%ba%e7%97%87%e3%81%99,https://physical-balance-lab.com/634/,2024-05-28T20:36:00,0,0,0,0,0
495,【腰痛：梅雨時期に多発する腰痛の原因と対策】,%e3%80%90%e8%85%b0%e7%97%9b%ef%bc%9a%e6%a2%85%e9%9b%a8%e6%99%82%e6%9c%9f%e3%81%ab%e5%a4%9a%e7%99%ba%e3%81%99%e3%82%8b%e8%85%b0%e7%97%9b%e3%81%ae%e5%8e%9f%e5%9b%a0%e3%81%a8%e5%af%be%e7%ad%96%e3%80%91,https://physical-balance-lab.com/495/,2024-05-22T12:12:12,0,0,0,0,0
477,【肩こり：肩こりを即解消！専門家が教える原因と簡単な改善方法】,%e3%80%90%e8%82%a9%e3%81%93%e3%82%8a%ef%bc%9a%e8%82%a9%e3%81%93%e3%82%8a%e3%82%92%e5%8d%b3%e8%a7%a3%e6%b6%88%ef%bc%81%e5%b0%82%e9%96%80%e5%ae%b6%e3%81%8c%e6%95%99%e3%81%88%e3%82%8b%e5%8e%9f%e5%9b%a0,https://physical-balance-lab.com/477/,2024-05-21T17:07:58,0,0,0,0,0
347,【腰痛：5月は要注意！寒暖差で起こる身体の不調】,347,https://physical-balance-lab.com/347/,2024-05-14T12:14:59,0,0,0,0,0
22,【危険！：「夜中に足がつる」は放置しないでください！】,sample-post9,https://physical-balance-lab.com/22/,2024-05-08T16:12:09,0,0,0,0,0
319,【五十肩：脊柱側弯症と五十肩って関係あるの？】,%e3%80%90%e4%ba%94%e5%8d%81%e8%82%a9%ef%bc%9a%e8%84%8a%e6%9f%b1%e5%81%b4%e5%bc%af%e7%97%87%e3%81%a8%e4%ba%94%e5%8d%81%e8%82%a9%e3%81%a3%e3%81%a6%e9%96%a2%e4%bf%82%e3%81%82%e3%82%8b%e3%81%ae%ef%bc%9f,https://physical-balance-lab.com/319/,2024-05-01T21:26:36,0,0,0,0,0
323,【股関節痛：脊柱側弯症と股関節痛の意外な関係とは？】,%e3%80%90%e8%82%a1%e9%96%a2%e7%af%80%e7%97%9b%ef%bc%9a%e8%84%8a%e6%9f%b1%e5%81%b4%e5%bc%af%e7%97%87%e3%81%a8%e8%82%a1%e9%96%a2%e7%af%80%e7%97%9b%e3%81%ae%e6%84%8f%e5%a4%96%e3%81%aa%e9%96%a2%e4%bf%82,https://physical-balance-lab.com/323/,2024-04-30T21:37:40,0,0,0,0,0
325,【腰痛に悩む真希さん（仮名）の改善までのストーリー】,%e3%80%90%e8%85%b0%e7%97%9b%e3%81%ab%e6%82%a9%e3%82%80%e7%9c%9f%e5%b8%8c%e3%81%95%e3%82%93%ef%bc%88%e4%bb%ae%e5%90%8d%ef%bc%89%e3%81%ae%e6%94%b9%e5%96%84%e3%81%be%e3%81%a7%e3%81%ae%e3%82%b9%e3%83%88,https://physical-balance-lab.com/325/,2024-04-26T21:47:28,0,0,0,0,0
328,【腰痛：医学的根拠あり腰痛にサヨナラ！家でできる簡単ストレッチ】,%e3%80%90%e5%8c%bb%e5%ad%a6%e7%9a%84%e6%a0%b9%e6%8b%a0%e3%81%82%e3%82%8a%ef%bc%9a%e8%85%b0%e7%97%9b%e3%81%ab%e3%82%b5%e3%83%a8%e3%83%8a%e3%83%a9%ef%bc%81%e5%ae%b6%e3%81%a7%e3%81%a7%e3%81%8d%e3%82%8b,https://physical-balance-lab.com/328/,2024-04-25T21:49:33,0,0,0,0,0
330,【なぜ整体が健康に良いのか？5つの主要な健康効果5選】,%e3%80%90%e3%81%aa%e3%81%9c%e6%95%b4%e4%bd%93%e3%81%8c%e5%81%a5%e5%ba%b7%e3%81%ab%e8%89%af%e3%81%84%e3%81%ae%e3%81%8b%ef%bc%9f5%e3%81%a4%e3%81%ae%e4%b8%bb%e8%a6%81%e3%81%aa%e5%81%a5%e5%ba%b7%e5%8a%b9,https://physical-balance-lab.com/330/,2024-04-24T21:50:50,0,0,0,0,2
334,【腰痛：産後の40代女性の腰痛の原因を考察】,%e3%80%90%e8%85%b0%e7%97%9b%ef%bc%9a%e7%94%a3%e5%be%8c%e3%81%ae40%e4%bb%a3%e5%a5%b3%e6%80%a7%e3%81%ae%e8%85%b0%e7%97%9b%e3%81%ae%e5%8e%9f%e5%9b%a0%e3%82%92%e8%80%83%e5%af%9f%e3%80%91,https://physical-balance-lab.com/334/,2024-04-23T22:01:29,0,0,0,0,0
332,【姿勢を整えることのリスクと注意点】,%e3%80%90%e5%a7%bf%e5%8b%a2%e3%82%92%e6%95%b4%e3%81%88%e3%82%8b%e3%81%93%e3%81%a8%e3%81%ae%e3%83%aa%e3%82%b9%e3%82%af%e3%81%a8%e6%b3%a8%e6%84%8f%e7%82%b9%e3%80%91,https://physical-balance-lab.com/332/,2024-04-23T21:57:56,0,0,0,0,0
439,【腰痛：長時間のデスクワークが腰に与える影響とその対策法】,%e3%80%90%e8%85%b0%e7%97%9b%ef%bc%9a%e9%95%b7%e6%99%82%e9%96%93%e3%81%ae%e3%83%87%e3%82%b9%e3%82%af%e3%83%af%e3%83%bc%e3%82%af%e3%81%8c%e8%85%b0%e3%81%ab%e4%b8%8e%e3%81%88%e3%82%8b%e5%bd%b1%e9%9f%bf,https://physical-balance-lab.com/439/,2024-04-22T15:14:02,0,0,0,0,0
457,【側弯症：マッサージやリハビリ以外の脊柱側弯症の選択肢】,%e3%80%90%e3%83%9e%e3%83%83%e3%82%b5%e3%83%bc%e3%82%b8%e3%82%84%e3%83%aa%e3%83%8f%e3%83%93%e3%83%aa%e4%bb%a5%e5%a4%96%e3%81%ae%e8%84%8a%e6%9f%b1%e5%81%b4%e5%bc%af%e7%97%87%e3%81%ae%e9%81%b8%e6%8a%9e,https://physical-balance-lab.com/457/,2024-04-18T15:41:40,0,0,0,0,0
463,【腰痛：ただの腰痛と坐骨神経痛の違い】,%e3%80%90%e8%85%b0%e7%97%9b%ef%bc%9a%e3%81%9f%e3%81%a0%e3%81%ae%e8%85%b0%e7%97%9b%e3%81%a8%e5%9d%90%e9%aa%a8%e7%a5%9e%e7%b5%8c%e7%97%9b%e3%81%ae%e9%81%95%e3%81%84%e3%80%91,https://physical-balance-lab.com/463/,2024-04-16T15:47:14,0,0,0,0,0
465,【肩こり：話題のオフィス症候群を徹底解説！ 】,%e3%80%90%e8%82%a9%e3%81%93%e3%82%8a%ef%bc%9a%e8%a9%b1%e9%a1%8c%e3%81%ae%e3%82%aa%e3%83%95%e3%82%a3%e3%82%b9%e7%97%87%e5%80%99%e7%be%a4%e3%82%92%e5%be%b9%e5%ba%95%e8%a7%a3%e8%aa%ac%ef%bc%81-%e3%80%91,https://physical-balance-lab.com/465/,2024-04-15T15:48:32,0,0,0,0,0
703,【腰痛：産後の腰痛に『レッドコード整体』が効果的だった例】,%e3%80%90%e8%85%b0%e7%97%9b%ef%bc%9a%e7%94%a3%e5%be%8c%e3%81%ae%e8%85%b0%e7%97%9b%e3%81%ab%e3%80%8e%e3%83%ac%e3%83%83%e3%83%89%e3%82%b3%e3%83%bc%e3%83%89%e6%95%b4%e4%bd%93%e3%80%8f%e3%81%8c%e5%8a%b9,https://physical-balance-lab.com/703/,2024-04-12T18:44:06,0,0,0,0,0
467,【腰痛：腰椎椎間板ヘルニアの初期症状を解説】,%e3%80%90%e8%85%b0%e6%a4%8e%e6%a4%8e%e9%96%93%e6%9d%bf%e3%83%98%e3%83%ab%e3%83%8b%e3%82%a2%e3%81%ae%e5%88%9d%e6%9c%9f%e7%97%87%e7%8a%b6%e3%82%92%e8%a7%a3%e8%aa%ac%e3%80%91,https://physical-balance-lab.com/467/,2024-04-11T15:49:33,0,0,0,0,0
589,【腰痛：アキレス腱の固さと腰痛の関係】,%e3%80%90%e8%85%b0%e7%97%9b%ef%bc%9a%e3%82%a2%e3%82%ad%e3%83%ac%e3%82%b9%e8%85%b1%e3%81%ae%e5%9b%ba%e3%81%95%e3%81%a8%e8%85%b0%e7%97%9b%e3%81%ae%e9%96%a2%e4%bf%82%e3%80%91,https://physical-balance-lab.com/589/,2024-04-10T16:26:28,0,0,0,0,0
471,【肩こり：慢性肩こりの真の原因『巻き肩亜脱臼』の解消法！】,%e3%80%90%e6%85%a2%e6%80%a7%e8%82%a9%e3%81%93%e3%82%8a%e3%81%ae%e7%9c%9f%e3%81%ae%e5%8e%9f%e5%9b%a0%e3%80%8e%e5%b7%bb%e3%81%8d%e8%82%a9%e4%ba%9c%e8%84%b1%e8%87%bc%e3%80%8f%e3%81%ae%e8%a7%a3%e6%b6%88,https://physical-balance-lab.com/471/,2024-04-09T15:52:03,0,0,0,0,0
473,【腰痛：手術なしで治す腰椎椎間板ヘルニア】,%e3%80%90%e6%89%8b%e8%a1%93%e3%81%aa%e3%81%97%e3%81%a7%e6%b2%bb%e3%81%99%e8%85%b0%e6%a4%8e%e6%a4%8e%e9%96%93%e6%9d%bf%e3%83%98%e3%83%ab%e3%83%8b%e3%82%a2%e3%80%91,https://physical-balance-lab.com/473/,2024-04-06T15:53:47,0,0,0,0,0
475,【腰痛：50代女性に起こる腰痛の原因は？】,%e3%80%9050%e4%bb%a3%e5%a5%b3%e6%80%a7%e3%81%ab%e8%b5%b7%e3%81%93%e3%82%8b%e8%85%b0%e7%97%9b%e3%81%ae%e5%8e%9f%e5%9b%a0%e3%81%af%ef%bc%9f%e3%80%91,https://physical-balance-lab.com/475/,2024-04-03T15:55:10,0,0,0,0,0
774,【五十肩：自分に合う五十肩治療の見つけ方】,%e3%80%90%e4%ba%94%e5%8d%81%e8%82%a9%ef%bc%9a%e8%87%aa%e5%88%86%e3%81%ab%e5%90%88%e3%81%86%e4%ba%94%e5%8d%81%e8%82%a9%e6%b2%bb%e7%99%82%e3%81%ae%e8%a6%8b%e3%81%a4%e3%81%91%e6%96%b9%e3%80%91,https://physical-balance-lab.com/774/,2024-03-30T11:54:56,0,0,0,0,0
784,【脊柱側弯症の早期発見と対処法 &#8211; 見逃してはいけない重要なサイン】,%e3%80%90%e8%84%8a%e6%9f%b1%e5%81%b4%e5%bc%af%e7%97%87%e3%81%ae%e6%97%a9%e6%9c%9f%e7%99%ba%e8%a6%8b%e3%81%a8%e5%af%be%e5%87%a6%e6%b3%95-%e8%a6%8b%e9%80%83%e3%81%97%e3%81%a6%e3%81%af%e3%81%84,https://physical-balance-lab.com/784/,2024-03-26T18:01:43,0,0,0,0,0
779,【側弯症：脊柱側弯症と腰痛、知っておきたい7つのこと】,%e3%80%90%e5%81%b4%e5%bc%af%e7%97%87%ef%bc%9a%e8%84%8a%e6%9f%b1%e5%81%b4%e5%bc%af%e7%97%87%e3%81%a8%e8%85%b0%e7%97%9b%e3%80%81%e7%9f%a5%e3%81%a3%e3%81%a6%e3%81%8a%e3%81%8d%e3%81%9f%e3%81%847%e3%81%a4,https://physical-balance-lab.com/779/,2024-01-24T16:52:49,0,0,0,0,0
608,【腰痛：実は危険！ぎっくり腰の前兆５選！】,%e3%80%90%e8%85%b0%e7%97%9b%ef%bc%9a%e5%ae%9f%e3%81%af%e5%8d%b1%e9%99%ba%ef%bc%81%e3%81%8e%e3%81%a3%e3%81%8f%e3%82%8a%e8%85%b0%e3%81%ae%e5%89%8d%e5%85%86%ef%bc%95%e9%81%b8%ef%bc%81%e3%80%91,https://physical-balance-lab.com/608/,2023-10-04T17:00:45,0,0,0,0,0
616,【腰痛予備軍：歩いているとスカートが回っちゃう？その理由と対策とは！】,%e3%80%90%e8%85%b0%e7%97%9b%e4%ba%88%e5%82%99%e8%bb%8d%ef%bc%9a%e6%ad%a9%e3%81%84%e3%81%a6%e3%81%84%e3%82%8b%e3%81%a8%e3%82%b9%e3%82%ab%e3%83%bc%e3%83%88%e3%81%8c%e5%9b%9e%e3%81%a3%e3%81%a1%e3%82%83,https://physical-balance-lab.com/616/,2022-07-23T17:19:44,0,0,0,0,3
599,【肩こりを改善したいなら「肩甲骨はがし」をやめよう！】,%e3%80%90%e8%82%a9%e3%81%93%e3%82%8a%e3%82%92%e6%94%b9%e5%96%84%e3%81%97%e3%81%9f%e3%81%84%e3%81%aa%e3%82%89%e3%80%8c%e8%82%a9%e7%94%b2%e9%aa%a8%e3%81%af%e3%81%8c%e3%81%97%e3%80%8d%e3%82%92%e3%82%84,https://physical-balance-lab.com/599/,2020-01-14T16:44:05,0,0,0,0,0
