date,clicks,impressions,ctr,position
2024-11-26,0,39,0,29.333333333333332
2024-11-27,1,51,0.0196078431372549,31.54901960784314
2024-11-28,1,54,0.018518518518518517,32.66666666666667
2024-11-29,1,47,0.02127659574468085,44.8936170212766
2024-11-30,0,43,0,44.23255813953488
2024-12-01,0,46,0,31.456521739130434
2024-12-02,1,53,0.018867924528301886,31.150943396226417
2024-12-03,0,46,0,31.26086956521739
2024-12-04,1,37,0.02702702702702703,33.270270270270274
2024-12-05,1,51,0.0196078431372549,23.470588235294116
2024-12-06,2,37,0.05405405405405406,26.43243243243243
2024-12-07,1,27,0.037037037037037035,31.074074074074073
2024-12-08,5,42,0.11904761904761904,24.642857142857142
2024-12-09,1,53,0.018867924528301886,26.358490566037737
2024-12-10,0,31,0,33.935483870967744
2024-12-11,0,42,0,30.88095238095238
2024-12-12,1,25,0.04,22.64
2024-12-13,0,28,0,29.928571428571427
2024-12-14,0,33,0,29.727272727272727
2024-12-15,0,19,0,29.105263157894736
2024-12-16,0,39,0,29.641025641025642
2024-12-17,1,37,0.02702702702702703,27.54054054054054
2024-12-18,1,48,0.020833333333333332,35.520833333333336
2024-12-19,1,70,0.014285714285714285,34.785714285714285
2024-12-20,0,46,0,33.630434782608695
2024-12-21,0,38,0,39.421052631578945
2024-12-22,2,45,0.044444444444444446,33.82222222222222
2024-12-23,1,38,0.02631578947368421,25.394736842105264
2024-12-24,1,42,0.023809523809523808,29
2024-12-25,1,46,0.021739130434782608,31.956521739130434
2024-12-26,0,53,0,26.150943396226417
2024-12-27,1,44,0.022727272727272728,24.818181818181817
2024-12-28,1,32,0.03125,30.53125
2024-12-29,1,32,0.03125,36.6875
2024-12-30,1,42,0.023809523809523808,35.07142857142857
2024-12-31,1,20,0.05,35.55
2025-01-01,0,34,0,38.470588235294116
2025-01-02,0,35,0,33.97142857142857
2025-01-03,2,42,0.047619047619047616,32.14285714285714
2025-01-04,0,36,0,31.13888888888889
2025-01-05,1,34,0.029411764705882353,25.205882352941178
2025-01-06,3,53,0.05660377358490566,27.830188679245282
2025-01-07,0,42,0,47.357142857142854
2025-01-08,0,41,0,28.024390243902438
2025-01-09,0,57,0,32.45614035087719
2025-01-10,4,45,0.08888888888888889,31.22222222222222
2025-01-11,0,32,0,43.03125
2025-01-12,0,34,0,38.64705882352941
2025-01-13,2,59,0.03389830508474576,44.40677966101695
2025-01-14,2,62,0.03225806451612903,35.54838709677419
2025-01-15,0,37,0,31.135135135135137
2025-01-16,1,27,0.037037037037037035,34.55555555555556
2025-01-17,0,18,0,21.444444444444443
2025-01-18,2,31,0.06451612903225806,38.25806451612903
2025-01-19,1,52,0.019230769230769232,33.86538461538461
2025-01-20,2,31,0.06451612903225806,39.29032258064516
2025-01-21,0,26,0,23.96153846153846
2025-01-22,2,42,0.047619047619047616,40.45238095238095
2025-01-23,2,40,0.05,35.5
2025-01-24,1,29,0.034482758620689655,39.89655172413793
2025-01-25,1,27,0.037037037037037035,33.51851851851852
2025-01-26,0,28,0,36.964285714285715
2025-01-27,4,41,0.0975609756097561,25.24390243902439
2025-01-28,0,27,0,38.851851851851855
2025-01-29,0,24,0,39.041666666666664
2025-01-30,0,24,0,26.75
2025-01-31,4,46,0.08695652173913043,29.717391304347824
2025-02-01,2,21,0.09523809523809523,18.952380952380953
2025-02-02,2,33,0.06060606060606061,26.272727272727273
2025-02-03,2,40,0.05,28.1
2025-02-04,1,25,0.04,29.4
2025-02-05,0,25,0,23.2
2025-02-06,0,26,0,25.653846153846153
2025-02-07,3,33,0.09090909090909091,35.06060606060606
2025-02-08,0,33,0,29.09090909090909
2025-02-09,3,17,0.17647058823529413,22.705882352941178
2025-02-10,2,37,0.05405405405405406,25.243243243243242
2025-02-11,3,28,0.10714285714285714,12.892857142857142
2025-02-12,2,32,0.0625,20.65625
2025-02-13,1,29,0.034482758620689655,30.724137931034484
2025-02-14,2,21,0.09523809523809523,15.380952380952381
2025-02-15,0,29,0,26.75862068965517
2025-02-16,0,30,0,29.033333333333335
2025-02-17,0,43,0,38.81395348837209
2025-02-18,2,27,0.07407407407407407,26.37037037037037
2025-02-19,1,28,0.03571428571428571,28.964285714285715
2025-02-20,4,61,0.06557377049180328,18.901639344262296
2025-02-21,0,27,0,27.037037037037038
2025-02-22,2,33,0.06060606060606061,24.454545454545453
2025-02-23,2,31,0.06451612903225806,26.483870967741936
2025-02-24,1,41,0.024390243902439025,42
2025-02-25,0,25,0,32.120000000000005
2025-02-26,0,41,0,26.926829268292682
2025-02-27,5,33,0.15151515151515152,21.03030303030303
2025-02-28,3,44,0.06818181818181818,27.25
2025-03-01,24,170,0.1411764705882353,6.947058823529412
2025-03-02,3,45,0.06666666666666667,24.266666666666666
2025-03-03,4,42,0.09523809523809523,21.904761904761905
2025-03-04,3,40,0.075,12.725
2025-03-05,2,40,0.05,30.75
2025-03-06,3,33,0.09090909090909091,24.09090909090909
2025-03-07,2,33,0.06060606060606061,32.06060606060606
2025-03-08,2,23,0.08695652173913043,28.47826086956522
2025-03-09,2,33,0.06060606060606061,23.12121212121212
2025-03-10,1,26,0.038461538461538464,25.192307692307693
2025-03-11,1,43,0.023255813953488372,32
2025-03-12,0,20,0,31.7
2025-03-13,0,39,0,35.87179487179487
2025-03-14,0,25,0,30.4
2025-03-15,2,28,0.07142857142857142,33.357142857142854
2025-03-16,1,22,0.045454545454545456,35.81818181818182
2025-03-17,0,30,0,37.63333333333333
2025-03-18,1,18,0.05555555555555555,26.833333333333332
2025-03-19,1,39,0.02564102564102564,26.23076923076923
2025-03-20,1,49,0.02040816326530612,37.6530612244898
2025-03-21,0,37,0,27.783783783783782
2025-03-22,1,32,0.03125,22.0625
2025-03-23,4,26,0.15384615384615385,26.384615384615383
2025-03-24,1,38,0.02631578947368421,34.26315789473684
2025-03-25,1,27,0.037037037037037035,27.59259259259259
2025-03-26,0,25,0,24.08
2025-03-27,2,46,0.043478260869565216,28.456521739130434
2025-03-28,0,27,0,30.555555555555557
2025-03-29,0,32,0,31.21875
2025-03-30,1,39,0.02564102564102564,31.487179487179485
2025-03-31,1,32,0.03125,31.4375
2025-04-01,1,41,0.024390243902439025,31.902439024390244
2025-04-02,1,43,0.023255813953488372,20.209302325581394
2025-04-03,2,62,0.03225806451612903,35.306451612903224
2025-04-04,2,38,0.05263157894736842,26.263157894736842
2025-04-05,2,33,0.06060606060606061,30.545454545454547
2025-04-06,1,47,0.02127659574468085,24.127659574468087
2025-04-07,0,54,0,20.98148148148148
2025-04-08,1,31,0.03225806451612903,30.096774193548388
2025-04-09,2,39,0.05128205128205128,23.076923076923077
2025-04-10,1,42,0.023809523809523808,28.404761904761905
2025-04-11,2,57,0.03508771929824561,25.82456140350877
2025-04-12,0,45,0,28.333333333333332
2025-04-13,1,41,0.024390243902439025,29.853658536585368
2025-04-14,4,42,0.09523809523809523,26.357142857142858
2025-04-15,1,30,0.03333333333333333,36.6
2025-04-16,6,50,0.12,25.6
2025-04-17,1,30,0.03333333333333333,34.666666666666664
2025-04-18,0,36,0,30.88888888888889
2025-04-19,4,42,0.09523809523809523,37.523809523809526
2025-04-20,2,47,0.0425531914893617,33.723404255319146
2025-04-21,1,60,0.016666666666666666,30.616666666666667
2025-04-22,0,45,0,35.266666666666666
2025-04-23,0,60,0,26.666666666666668
2025-04-24,1,41,0.024390243902439025,36.390243902439025
2025-04-25,1,46,0.021739130434782608,38.80434782608695
2025-04-26,0,34,0,28.764705882352942
2025-04-27,0,56,0,32.125
2025-04-28,4,51,0.0784313725490196,27.11764705882353
2025-04-29,1,57,0.017543859649122806,25.63157894736842
2025-04-30,1,41,0.024390243902439025,26.902439024390244
2025-05-01,1,47,0.02127659574468085,28.574468085106382
2025-05-02,2,57,0.03508771929824561,31.29824561403509
2025-05-03,1,57,0.017543859649122806,26.36842105263158
2025-05-04,0,53,0,29.735849056603772
2025-05-05,1,43,0.023255813953488372,31.674418604651162
2025-05-06,0,49,0,30
2025-05-07,1,41,0.024390243902439025,31.4390243902439
2025-05-08,6,67,0.08955223880597014,26.26865671641791
2025-05-09,0,39,0,31.794871794871796
2025-05-10,1,52,0.019230769230769232,26.076923076923077
2025-05-11,0,44,0,31.386363636363637
2025-05-12,0,57,0,27.350877192982455
2025-05-13,2,53,0.03773584905660377,22.69811320754717
2025-05-14,1,52,0.019230769230769232,25.923076923076923
2025-05-15,1,71,0.014084507042253521,37.521126760563384
2025-05-16,2,55,0.03636363636363636,23.854545454545455
2025-05-17,1,39,0.02564102564102564,31.435897435897434
2025-05-18,0,65,0,32.246153846153845
2025-05-19,3,53,0.05660377358490566,32.73584905660377
2025-05-20,2,56,0.03571428571428571,30.75
2025-05-21,1,52,0.019230769230769232,29
2025-05-22,3,49,0.061224489795918366,28.448979591836736
2025-05-23,1,68,0.014705882352941176,24.558823529411764
2025-05-24,2,62,0.03225806451612903,26.161290322580644
2025-05-25,1,56,0.017857142857142856,28.785714285714285
2025-05-26,1,52,0.019230769230769232,24.73076923076923
2025-05-27,1,72,0.013888888888888888,24.291666666666668
2025-05-28,0,61,0,25.311475409836067
2025-05-29,3,57,0.05263157894736842,25.68421052631579
2025-05-30,1,59,0.01694915254237288,24.423728813559322
2025-05-31,1,56,0.017857142857142856,27.25
2025-06-01,3,58,0.05172413793103448,28.74137931034483
2025-06-02,1,90,0.011111111111111112,45.15555555555556
2025-06-03,0,67,0,26.074626865671643
2025-06-04,2,68,0.029411764705882353,21.352941176470587
2025-06-05,1,44,0.022727272727272728,26.545454545454547
2025-06-06,1,56,0.017857142857142856,23.482142857142858
2025-06-07,6,65,0.09230769230769231,27.307692307692307
2025-06-08,2,58,0.034482758620689655,35.206896551724135
2025-06-09,0,80,0,30.4875
2025-06-10,1,65,0.015384615384615385,23.107692307692307
2025-06-11,0,62,0,23.532258064516128
2025-06-12,1,60,0.016666666666666666,24.033333333333335
2025-06-13,1,66,0.015151515151515152,24.575757575757574
2025-06-14,0,58,0,23.396551724137932
2025-06-15,0,72,0,19.65277777777778
2025-06-16,0,92,0,32.29347826086956
2025-06-17,5,65,0.07692307692307693,28.338461538461537
2025-06-18,0,53,0,26.60377358490566
2025-06-19,1,77,0.012987012987012988,26.441558441558442
2025-06-20,2,91,0.02197802197802198,25.67032967032967
2025-06-21,3,54,0.05555555555555555,23.203703703703702
2025-06-22,1,60,0.016666666666666666,20.95
2025-06-23,1,104,0.009615384615384616,41.90384615384615
2025-06-24,1,84,0.011904761904761904,29.785714285714285
2025-06-25,2,65,0.03076923076923077,27.123076923076923
2025-06-26,2,98,0.02040816326530612,37.265306122448976
2025-06-27,3,104,0.028846153846153848,34.05769230769231
2025-06-28,1,76,0.013157894736842105,39.9078947368421
2025-06-29,2,78,0.02564102564102564,37.46153846153846
2025-06-30,4,84,0.047619047619047616,31.202380952380953
2025-07-01,1,74,0.013513513513513514,36.148648648648646
2025-07-02,3,98,0.030612244897959183,30.683673469387756
2025-07-03,0,114,0,29.74561403508772
2025-07-04,2,82,0.024390243902439025,30.4390243902439
2025-07-05,2,97,0.020618556701030927,33.52577319587629
2025-07-06,3,64,0.046875,30.359375
2025-07-07,0,89,0,31.775280898876403
2025-07-08,3,88,0.03409090909090909,27.556818181818183
2025-07-09,3,73,0.0410958904109589,32.28767123287671
2025-07-10,0,63,0,28.650793650793652
2025-07-11,2,81,0.024691358024691357,32.2962962962963
2025-07-12,4,95,0.042105263157894736,32.10526315789474
2025-07-13,2,115,0.017391304347826087,22.008695652173913
2025-07-14,2,163,0.012269938650306749,22.699386503067483
2025-07-15,5,166,0.030120481927710843,22.240963855421686
2025-07-16,1,171,0.005847953216374269,19.801169590643276
2025-07-17,2,142,0.014084507042253521,19.471830985915492
2025-07-18,3,161,0.018633540372670808,20.70807453416149
2025-07-19,7,176,0.03977272727272727,25.8125
2025-07-20,4,272,0.014705882352941176,19.46323529411765
2025-07-21,3,150,0.02,24.066666666666666
2025-07-22,8,185,0.043243243243243246,23.88108108108108
2025-07-23,3,168,0.017857142857142856,26.428571428571427
2025-07-24,4,182,0.02197802197802198,21.983516483516482
2025-07-25,4,159,0.025157232704402517,23.88050314465409
2025-07-26,0,131,0,24.18320610687023
2025-07-27,4,192,0.020833333333333332,25.796875
2025-07-28,7,166,0.04216867469879518,19.126506024096386
2025-07-29,6,189,0.031746031746031744,24.174603174603174
2025-07-30,3,134,0.022388059701492536,24.30597014925373
2025-07-31,4,169,0.023668639053254437,24.28994082840237
2025-08-01,6,155,0.03870967741935484,26.516129032258064
2025-08-02,14,150,0.09333333333333334,21.733333333333334
2025-08-03,8,143,0.055944055944055944,24.48951048951049
2025-08-04,5,155,0.03225806451612903,20.4
2025-08-05,4,153,0.026143790849673203,23.464052287581698
2025-08-06,4,129,0.031007751937984496,24.37984496124031
2025-08-07,7,174,0.040229885057471264,21.448275862068964
2025-08-08,6,160,0.0375,23.7125
2025-08-09,5,237,0.02109704641350211,21.654008438818565
2025-08-10,5,210,0.023809523809523808,21.523809523809526
2025-08-11,12,228,0.05263157894736842,19.859649122807017
2025-08-12,7,212,0.0330188679245283,23.66509433962264
2025-08-13,6,223,0.026905829596412557,22.63677130044843
2025-08-14,9,183,0.04918032786885246,22.792349726775956
2025-08-15,7,222,0.03153153153153153,23.3018018018018
2025-08-16,4,167,0.023952095808383235,24.95808383233533
2025-08-17,6,187,0.03208556149732621,20.81283422459893
2025-08-18,3,195,0.015384615384615385,19.338461538461537
2025-08-19,3,174,0.017241379310344827,21.798850574712645
2025-08-20,8,160,0.05,20.93125
2025-08-21,3,209,0.014354066985645933,21.267942583732058
2025-08-22,3,177,0.01694915254237288,24.389830508474578
2025-08-23,4,155,0.025806451612903226,19.451612903225808
2025-08-24,2,167,0.011976047904191617,23.047904191616766
2025-08-25,8,211,0.037914691943127965,17.933649289099527
2025-08-26,4,215,0.018604651162790697,22.683720930232557
2025-08-27,6,173,0.03468208092485549,14.791907514450868
2025-08-28,3,186,0.016129032258064516,19.392473118279568
2025-08-29,10,168,0.05952380952380952,16.30952380952381
2025-08-30,10,163,0.06134969325153374,18.57668711656442
2025-08-31,4,161,0.024844720496894408,19.571428571428573
2025-09-01,5,182,0.027472527472527472,19.565934065934066
2025-09-02,5,165,0.030303030303030304,15.50909090909091
2025-09-03,6,185,0.032432432432432434,22.55135135135135
2025-09-04,3,174,0.017241379310344827,17.683908045977013
2025-09-05,7,193,0.03626943005181347,16.89637305699482
2025-09-06,4,175,0.022857142857142857,14.52
2025-09-07,9,191,0.04712041884816754,14.575916230366492
2025-09-08,8,236,0.03389830508474576,16.03813559322034
2025-09-09,7,205,0.03414634146341464,13.91219512195122
2025-09-10,13,209,0.06220095693779904,14.703349282296651
2025-09-11,9,171,0.05263157894736842,16.842105263157897
2025-09-12,7,160,0.04375,14.475
2025-09-13,6,156,0.038461538461538464,12.147435897435898
2025-09-14,6,156,0.038461538461538464,9.512820512820513
2025-09-15,8,188,0.0425531914893617,11.579787234042554
2025-09-16,4,168,0.023809523809523808,12.541666666666666
2025-09-17,3,189,0.015873015873015872,12.634920634920634
2025-09-18,19,220,0.08636363636363636,10.818181818181818
2025-09-19,8,161,0.049689440993788817,11.788819875776397
2025-09-20,7,170,0.041176470588235294,15.41764705882353
2025-09-21,6,189,0.031746031746031744,8.71957671957672
2025-09-22,4,160,0.025,9.68125
2025-09-23,6,169,0.03550295857988166,9.36094674556213
2025-09-24,9,179,0.05027932960893855,11.452513966480447
2025-09-25,2,176,0.011363636363636364,8.795454545454547
2025-09-26,5,127,0.03937007874015748,11.700787401574804
2025-09-27,5,148,0.033783783783783786,10.966216216216216
2025-09-28,7,153,0.0457516339869281,10.359477124183007
2025-09-29,3,145,0.020689655172413793,12.682758620689656
2025-09-30,11,175,0.06285714285714286,11.16
2025-10-01,8,158,0.05063291139240506,10.341772151898734
2025-10-02,7,144,0.04861111111111111,8.20138888888889
2025-10-03,3,107,0.028037383177570093,8.728971962616821
2025-10-04,10,143,0.06993006993006994,12.097902097902098
2025-10-05,7,144,0.04861111111111111,10.305555555555555
2025-10-06,5,113,0.04424778761061947,9.964601769911505
2025-10-07,8,145,0.05517241379310345,9.855172413793104
2025-10-08,4,159,0.025157232704402517,10.666666666666666
2025-10-09,4,131,0.030534351145038167,9.748091603053435
2025-10-10,1,103,0.009708737864077669,9.58252427184466
2025-10-11,1,94,0.010638297872340425,10.75531914893617
2025-10-12,10,149,0.06711409395973154,9.456375838926174
2025-10-13,9,155,0.05806451612903226,9.406451612903226
2025-10-14,9,164,0.054878048780487805,11.689024390243903
2025-10-15,3,148,0.02027027027027027,9.95945945945946
2025-10-16,6,140,0.04285714285714286,9.835714285714285
2025-10-17,7,138,0.050724637681159424,11.456521739130435
2025-10-18,5,134,0.03731343283582089,9.23134328358209
2025-10-19,4,133,0.03007518796992481,10.654135338345865
2025-10-20,5,143,0.03496503496503497,8.65034965034965
2025-10-21,8,134,0.05970149253731343,10.917910447761194
2025-10-22,8,138,0.057971014492753624,13.942028985507246
2025-10-23,10,138,0.07246376811594203,11.231884057971014
2025-10-24,5,143,0.03496503496503497,11.867132867132867
2025-10-25,1,138,0.007246376811594203,12.77536231884058
2025-10-26,5,173,0.028901734104046242,12.00578034682081
2025-10-27,5,165,0.030303030303030304,11.187878787878788
2025-10-28,8,153,0.05228758169934641,9.07843137254902
2025-10-29,7,162,0.043209876543209874,9.969135802469136
2025-10-30,5,183,0.0273224043715847,11.3224043715847
2025-10-31,6,118,0.05084745762711865,9.228813559322035
2025-11-01,8,146,0.0547945205479452,9.801369863013699
2025-11-02,6,142,0.04225352112676056,11.443661971830986
2025-11-03,10,163,0.06134969325153374,9.846625766871165
2025-11-04,6,146,0.0410958904109589,10.205479452054794
2025-11-05,11,211,0.052132701421800945,9.023696682464456
2025-11-06,9,156,0.057692307692307696,9.737179487179487
2025-11-07,11,176,0.0625,10.380681818181818
2025-11-08,6,171,0.03508771929824561,10.169590643274853
2025-11-09,8,228,0.03508771929824561,10.12719298245614
2025-11-10,2,173,0.011560693641618497,9.890173410404625
2025-11-11,14,182,0.07692307692307693,8
2025-11-12,12,180,0.06666666666666667,9.9
2025-11-13,6,197,0.030456852791878174,10.751269035532994
2025-11-14,4,231,0.017316017316017316,9.627705627705629
2025-11-15,4,190,0.021052631578947368,9.047368421052632
2025-11-16,7,230,0.030434782608695653,8.917391304347827
2025-11-17,7,234,0.029914529914529916,7.598290598290598
2025-11-18,4,243,0.01646090534979424,8.246913580246915
2025-11-19,6,225,0.02666666666666667,8.733333333333334
2025-11-20,4,257,0.01556420233463035,11.136186770428015
2025-11-21,7,210,0.03333333333333333,8.7
2025-11-22,11,196,0.05612244897959184,8.831632653061224
2025-11-23,12,228,0.05263157894736842,8.916666666666668
2025-11-24,11,260,0.04230769230769231,8.026923076923076
2025-11-25,6,321,0.018691588785046728,9.031152647975079
2025-11-26,7,300,0.023333333333333334,10.416666666666666
2025-11-27,13,256,0.05078125,8.25
2025-11-28,9,292,0.030821917808219176,9.356164383561644
2025-11-29,9,262,0.03435114503816794,10.694656488549619
2025-11-30,6,309,0.019417475728155338,7.893203883495145
2025-12-01,8,304,0.02631578947368421,8.259868421052632
2025-12-02,4,249,0.01606425702811245,9.413654618473895
2025-12-03,6,246,0.024390243902439025,8.991869918699187
2025-12-04,7,262,0.026717557251908396,9.122137404580153
2025-12-05,5,160,0.03125,9.825
2025-12-06,6,190,0.031578947368421054,9.452631578947368
2025-12-07,8,252,0.031746031746031744,8.341269841269842
2025-12-08,7,233,0.030042918454935622,9.32618025751073
2025-12-09,8,263,0.030418250950570342,7.771863117870723
2025-12-10,4,295,0.013559322033898305,8.901694915254238
2025-12-11,6,254,0.023622047244094488,8.716535433070867
2025-12-12,3,189,0.015873015873015872,9.227513227513228
2025-12-13,7,205,0.03414634146341464,9.31219512195122
2025-12-14,7,236,0.029661016949152543,8.368644067796609
2025-12-15,5,187,0.026737967914438502,12.454545454545455
2025-12-16,5,214,0.02336448598130841,9
2025-12-17,0,161,0,7.211180124223603
2025-12-18,8,214,0.037383177570093455,10.116822429906541
2025-12-19,8,190,0.042105263157894736,10.336842105263157
2025-12-20,5,198,0.025252525252525252,11.757575757575758
2025-12-21,3,198,0.015151515151515152,9.55050505050505
2025-12-22,5,229,0.021834061135371178,9.393013100436681
2025-12-23,4,185,0.021621621621621623,9.427027027027027
2025-12-24,1,187,0.0053475935828877,10.032085561497325
2025-12-25,7,158,0.04430379746835443,10.082278481012658
2025-12-26,7,206,0.03398058252427184,9.883495145631068
2025-12-27,5,160,0.03125,8.70625
2025-12-28,8,185,0.043243243243243246,10.908108108108108
2025-12-29,4,149,0.026845637583892617,11.78523489932886
2025-12-30,1,201,0.004975124378109453,15.119402985074627
2025-12-31,5,168,0.02976190476190476,12.482142857142858
2026-01-01,6,165,0.03636363636363636,12.284848484848485
2026-01-02,1,146,0.00684931506849315,10.246575342465754
2026-01-03,9,183,0.04918032786885246,8.961748633879782
2026-01-04,8,247,0.032388663967611336,8.34008097165992
2026-01-05,6,247,0.024291497975708502,8.74493927125506
2026-01-06,4,244,0.01639344262295082,7.758196721311475
2026-01-07,10,223,0.04484304932735426,8.112107623318385
2026-01-08,5,270,0.018518518518518517,7.7
2026-01-09,10,194,0.05154639175257732,7.180412371134021
2026-01-10,4,215,0.018604651162790697,7.944186046511628
2026-01-11,10,233,0.04291845493562232,8.416309012875537
2026-01-12,10,306,0.032679738562091505,8.88562091503268
2026-01-13,10,370,0.02702702702702703,6.675675675675675
2026-01-14,10,351,0.02849002849002849,7.102564102564102
2026-01-15,7,280,0.025,7.071428571428571
2026-01-16,7,238,0.029411764705882353,8.436974789915967
2026-01-17,13,299,0.043478260869565216,8.103678929765886
2026-01-18,5,278,0.017985611510791366,8.20863309352518
2026-01-19,14,305,0.04590163934426229,8.547540983606558
2026-01-20,10,349,0.02865329512893983,7.495702005730659
2026-01-21,11,368,0.029891304347826088,6.692934782608695
2026-01-22,7,319,0.0219435736677116,8.391849529780565
2026-01-23,5,266,0.018796992481203006,7.015037593984962
2026-01-24,7,299,0.023411371237458192,7.8595317725752505
2026-01-25,4,367,0.010899182561307902,6.446866485013624
2026-01-26,11,335,0.03283582089552239,7.567164179104478
2026-01-27,11,373,0.029490616621983913,5.943699731903485
2026-01-28,5,402,0.012437810945273632,5.686567164179104
2026-01-29,10,397,0.02518891687657431,6.954659949622166
2026-01-30,10,357,0.028011204481792718,7.8655462184873945
2026-01-31,5,286,0.017482517482517484,7.601398601398602
2026-02-01,10,358,0.027932960893854747,6.022346368715084
2026-02-02,6,413,0.014527845036319613,6.3559322033898304
2026-02-03,20,363,0.05509641873278237,5.666666666666667
2026-02-04,10,371,0.026954177897574125,6.132075471698113
2026-02-05,8,344,0.023255813953488372,6.441860465116279
2026-02-06,8,268,0.029850746268656716,7.41044776119403
2026-02-07,3,275,0.01090909090909091,7.458181818181818
2026-02-08,7,252,0.027777777777777776,6.646825396825397
2026-02-09,10,378,0.026455026455026454,7.436507936507937
2026-02-10,7,300,0.023333333333333334,8.053333333333335
2026-02-11,14,333,0.042042042042042045,7.714714714714715
2026-02-12,7,332,0.02108433734939759,6.885542168674699
2026-02-13,10,343,0.029154518950437316,6.431486880466473
2026-02-14,12,308,0.03896103896103896,7.464285714285714
2026-02-15,18,422,0.04265402843601896,7.687203791469194
2026-02-16,10,350,0.02857142857142857,6.117142857142857
2026-02-17,3,351,0.008547008547008548,6.689458689458689
2026-02-18,8,457,0.0175054704595186,6.785557986870897
2026-02-19,12,450,0.02666666666666667,6.184444444444445
2026-02-20,10,482,0.02074688796680498,4.545643153526971
2026-02-21,7,513,0.01364522417153996,5.159844054580897
2026-02-22,13,483,0.026915113871635612,5.629399585921325
2026-02-23,11,1368,0.00804093567251462,3.263888888888889
2026-02-24,9,426,0.02112676056338028,6.223004694835681
2026-02-25,11,406,0.027093596059113302,7.9655172413793105
2026-02-26,10,332,0.030120481927710843,6.864457831325301
2026-02-27,10,339,0.029498525073746312,7.091445427728614
2026-02-28,8,394,0.02030456852791878,7.073604060913706
2026-03-01,7,333,0.021021021021021023,6.933933933933934
2026-03-02,10,377,0.026525198938992044,7.376657824933687
2026-03-03,7,301,0.023255813953488372,9.079734219269103
2026-03-04,11,440,0.025,8.477272727272727
2026-03-05,4,404,0.009900990099009901,7.336633663366337
2026-03-06,8,307,0.026058631921824105,8.410423452768729
2026-03-07,7,317,0.022082018927444796,6.624605678233438
2026-03-08,8,338,0.023668639053254437,7.514792899408284
2026-03-09,9,310,0.02903225806451613,7.877419354838709
2026-03-10,13,310,0.041935483870967745,7.819354838709677
2026-03-11,4,324,0.012345679012345678,8.287037037037038
2026-03-12,11,279,0.03942652329749104,7.85663082437276
2026-03-13,11,277,0.039711191335740074,7.036101083032491
2026-03-14,3,272,0.011029411764705883,8.606617647058822
2026-03-15,12,293,0.040955631399317405,6.030716723549488
2026-03-16,11,276,0.03985507246376811,6.699275362318841
2026-03-17,13,298,0.0436241610738255,6.369127516778524
2026-03-18,608,4858,0.12515438452037875,4.290037052284891
