dateHour_raw,datetime_parsed,sessions,screenPageViews,totalUsers
2026031502,2026-03-15T02:00:00,1.0,1.0,1.0
2026031505,2026-03-15T05:00:00,1.0,1.0,1.0
2026031506,2026-03-15T06:00:00,2.0,2.0,2.0
2026031509,2026-03-15T09:00:00,1.0,1.0,1.0
2026031510,2026-03-15T10:00:00,2.0,2.0,2.0
2026031511,2026-03-15T11:00:00,2.0,1.0,2.0
2026031512,2026-03-15T12:00:00,1.0,3.0,1.0
2026031513,2026-03-15T13:00:00,1.0,2.0,1.0
2026031514,2026-03-15T14:00:00,1.0,1.0,1.0
2026031516,2026-03-15T16:00:00,1.0,2.0,1.0
2026031517,2026-03-15T17:00:00,4.0,4.0,4.0
2026031519,2026-03-15T19:00:00,1.0,1.0,1.0
2026031521,2026-03-15T21:00:00,2.0,3.0,2.0
2026031523,2026-03-15T23:00:00,1.0,1.0,1.0
2026031600,2026-03-16T00:00:00,1.0,1.0,1.0
2026031601,2026-03-16T01:00:00,3.0,9.0,3.0
2026031603,2026-03-16T03:00:00,1.0,1.0,1.0
2026031606,2026-03-16T06:00:00,2.0,2.0,2.0
2026031607,2026-03-16T07:00:00,1.0,1.0,1.0
2026031608,2026-03-16T08:00:00,1.0,1.0,1.0
2026031609,2026-03-16T09:00:00,4.0,4.0,4.0
2026031610,2026-03-16T10:00:00,1.0,8.0,1.0
2026031612,2026-03-16T12:00:00,1.0,2.0,1.0
2026031613,2026-03-16T13:00:00,2.0,3.0,2.0
2026031614,2026-03-16T14:00:00,4.0,8.0,4.0
2026031615,2026-03-16T15:00:00,2.0,1.0,2.0
2026031616,2026-03-16T16:00:00,1.0,1.0,1.0
2026031617,2026-03-16T17:00:00,2.0,2.0,2.0
2026031618,2026-03-16T18:00:00,1.0,1.0,1.0
2026031619,2026-03-16T19:00:00,2.0,2.0,2.0
2026031621,2026-03-16T21:00:00,2.0,8.0,2.0
2026031622,2026-03-16T22:00:00,4.0,17.0,4.0
2026031623,2026-03-16T23:00:00,1.0,1.0,1.0
2026031700,2026-03-17T00:00:00,5.0,6.0,5.0
2026031701,2026-03-17T01:00:00,1.0,5.0,1.0
2026031702,2026-03-17T02:00:00,2.0,4.0,2.0
2026031703,2026-03-17T03:00:00,1.0,1.0,1.0
2026031704,2026-03-17T04:00:00,1.0,1.0,1.0
2026031707,2026-03-17T07:00:00,2.0,3.0,2.0
2026031709,2026-03-17T09:00:00,1.0,2.0,1.0
2026031710,2026-03-17T10:00:00,1.0,4.0,1.0
2026031711,2026-03-17T11:00:00,2.0,4.0,2.0
2026031712,2026-03-17T12:00:00,3.0,4.0,3.0
2026031713,2026-03-17T13:00:00,1.0,2.0,1.0
2026031715,2026-03-17T15:00:00,1.0,1.0,1.0
2026031716,2026-03-17T16:00:00,1.0,1.0,1.0
2026031717,2026-03-17T17:00:00,1.0,2.0,1.0
2026031719,2026-03-17T19:00:00,1.0,1.0,1.0
2026031720,2026-03-17T20:00:00,3.0,3.0,3.0
2026031721,2026-03-17T21:00:00,4.0,9.0,4.0
2026031722,2026-03-17T22:00:00,1.0,1.0,1.0
2026031800,2026-03-18T00:00:00,2.0,2.0,2.0
2026031801,2026-03-18T01:00:00,1.0,1.0,1.0
2026031802,2026-03-18T02:00:00,1.0,1.0,1.0
2026031803,2026-03-18T03:00:00,1.0,1.0,1.0
2026031805,2026-03-18T05:00:00,1.0,0.0,1.0
2026031806,2026-03-18T06:00:00,1.0,1.0,1.0
2026031807,2026-03-18T07:00:00,2.0,2.0,2.0
2026031808,2026-03-18T08:00:00,1.0,1.0,1.0
2026031810,2026-03-18T10:00:00,2.0,2.0,2.0
2026031812,2026-03-18T12:00:00,3.0,4.0,3.0
2026031813,2026-03-18T13:00:00,1.0,1.0,1.0
2026031814,2026-03-18T14:00:00,2.0,1.0,2.0
2026031815,2026-03-18T15:00:00,2.0,2.0,2.0
2026031816,2026-03-18T16:00:00,2.0,8.0,2.0
2026031817,2026-03-18T17:00:00,1.0,0.0,1.0
2026031819,2026-03-18T19:00:00,5.0,4.0,4.0
2026031821,2026-03-18T21:00:00,665.0,3141.0,667.0
2026031822,2026-03-18T22:00:00,197.0,925.0,194.0
2026031823,2026-03-18T23:00:00,66.0,249.0,66.0
2026031900,2026-03-19T00:00:00,22.0,73.0,22.0
2026031901,2026-03-19T01:00:00,10.0,16.0,10.0
2026031902,2026-03-19T02:00:00,6.0,37.0,6.0
2026031903,2026-03-19T03:00:00,1.0,3.0,1.0
2026031904,2026-03-19T04:00:00,2.0,2.0,2.0
2026031905,2026-03-19T05:00:00,3.0,18.0,3.0
2026031906,2026-03-19T06:00:00,10.0,48.0,10.0
2026031907,2026-03-19T07:00:00,24.0,73.0,24.0
2026031908,2026-03-19T08:00:00,21.0,67.0,21.0
2026031909,2026-03-19T09:00:00,19.0,68.0,18.0
2026031910,2026-03-19T10:00:00,26.0,80.0,25.0
2026031911,2026-03-19T11:00:00,24.0,77.0,23.0
2026031912,2026-03-19T12:00:00,32.0,139.0,32.0
2026031913,2026-03-19T13:00:00,31.0,142.0,31.0
2026031914,2026-03-19T14:00:00,14.0,70.0,14.0
2026031915,2026-03-19T15:00:00,21.0,81.0,21.0
2026031916,2026-03-19T16:00:00,17.0,65.0,17.0
2026031917,2026-03-19T17:00:00,27.0,114.0,27.0
2026031918,2026-03-19T18:00:00,16.0,29.0,16.0
2026031919,2026-03-19T19:00:00,24.0,85.0,24.0
2026031920,2026-03-19T20:00:00,24.0,129.0,24.0
2026031921,2026-03-19T21:00:00,25.0,128.0,25.0
2026031922,2026-03-19T22:00:00,20.0,94.0,19.0
2026031923,2026-03-19T23:00:00,24.0,113.0,24.0
2026032000,2026-03-20T00:00:00,9.0,21.0,9.0
2026032001,2026-03-20T01:00:00,7.0,42.0,6.0
2026032002,2026-03-20T02:00:00,2.0,3.0,2.0
2026032003,2026-03-20T03:00:00,1.0,12.0,1.0
2026032004,2026-03-20T04:00:00,1.0,7.0,1.0
2026032005,2026-03-20T05:00:00,1.0,7.0,1.0
2026032006,2026-03-20T06:00:00,5.0,4.0,5.0
2026032007,2026-03-20T07:00:00,7.0,17.0,7.0
2026032008,2026-03-20T08:00:00,7.0,18.0,7.0
2026032009,2026-03-20T09:00:00,9.0,23.0,9.0
2026032010,2026-03-20T10:00:00,10.0,28.0,10.0
2026032011,2026-03-20T11:00:00,14.0,49.0,13.0
2026032012,2026-03-20T12:00:00,7.0,27.0,7.0
2026032013,2026-03-20T13:00:00,14.0,69.0,14.0
2026032014,2026-03-20T14:00:00,9.0,31.0,9.0
2026032015,2026-03-20T15:00:00,16.0,45.0,16.0
2026032016,2026-03-20T16:00:00,10.0,65.0,10.0
2026032017,2026-03-20T17:00:00,7.0,10.0,7.0
2026032018,2026-03-20T18:00:00,10.0,31.0,10.0
2026032019,2026-03-20T19:00:00,18.0,75.0,17.0
2026032020,2026-03-20T20:00:00,12.0,51.0,12.0
2026032021,2026-03-20T21:00:00,15.0,35.0,15.0
2026032022,2026-03-20T22:00:00,14.0,49.0,14.0
2026032023,2026-03-20T23:00:00,7.0,26.0,7.0
2026032100,2026-03-21T00:00:00,7.0,31.0,7.0
2026032101,2026-03-21T01:00:00,3.0,8.0,3.0
2026032102,2026-03-21T02:00:00,1.0,13.0,1.0
2026032103,2026-03-21T03:00:00,3.0,9.0,3.0
2026032105,2026-03-21T05:00:00,1.0,9.0,1.0
