pagePath,screenPageViews,activeUsers,sessions,engagedSessions,post_id
/,572,345,394,282,
/976/,495,409,461,302,976
/guidance/,351,149,175,161,
/1176/,319,225,273,155,1176
/1182/,288,190,217,139,1182
/for-newcomers/,251,149,178,158,
/965/,210,147,169,113,965
/contact/,150,86,97,89,
/about/,141,112,124,106,
/441/,123,94,104,63,441
/vision/,113,82,83,77,
/1171/,81,65,69,44,1171
/469/,72,41,43,42,469
/guidance_category/sokuwanshou/,62,32,37,35,
/1092/,57,31,31,29,1092
/1173/,54,42,48,28,1173
/1063/,53,46,50,31,1063
/584/,53,41,42,35,584
/980/,52,44,45,34,980
/1741/,51,24,28,22,1741
/guidance_category/yotsu/,48,31,33,31,
/1191/,47,33,36,23,1191
/about-redcord/,47,32,38,32,
/923/,39,29,30,29,923
/voice-1/,38,26,32,25,
/1169/,37,24,26,18,1169
/blog/,35,23,28,21,
/tag/名古屋市/page/12/,33,27,27,6,12
/guidance/about-redcord/,32,22,24,24,
/317/,29,25,27,16,317
/824/,26,11,16,14,824
/612/,24,24,24,17,612
/guidance/sokuwanshou-2/,24,14,14,14,
/guidance_category/gojukata/,23,11,12,10,
/1157/,22,14,17,11,1157
/tag/chikusaku/page/2/,22,19,19,4,2
/620/,21,18,21,12,620
/guidance/sokuwanshou-3/,20,15,15,15,
/1668/,16,10,11,8,1668
/1098/,15,8,9,8,1098
/1137/,15,11,12,6,1137
/1179/,15,11,12,11,1179
/796/,15,8,8,7,796
/category/脊柱側弯症/,15,8,10,10,
/guidance/sokuwanshou-1/,14,11,12,10,
/731/,13,10,12,7,731
/1460/,12,11,11,5,1460
/1734/,12,7,9,6,1734
/744/,12,9,11,2,744
/guidance/sokuwanshou-4/,12,11,12,11,
/guidance/youtsu-2/,12,8,8,8,
/news/【開業10年。ここからが本当のスタート！】/,12,9,10,8,
/1145/,11,6,7,6,1145
/1569/,11,10,10,6,1569
/1769/,11,11,12,7,1769
/634/,11,6,6,6,634
/guidance/youtsu-3/,11,8,8,7,
/tag/側弯症解説シリーズ/,11,3,4,4,
/917/,10,5,8,5,917
/1142/,9,8,9,6,1142
/459/,9,5,6,4,459
/589/,9,7,7,7,589
/1479/,8,5,5,3,1479
/1564/,8,4,4,4,1564
/1692/,8,2,7,4,1692
/1736/,8,7,7,7,1736
/1747/,8,4,4,4,1747
/602/,8,6,6,4,602
/898/,8,4,4,4,898
/blog/page/2/,8,4,4,4,2
/news/,8,7,7,6,
/1058/,7,5,5,3,1058
/1122/,7,5,5,4,1122
/1700/,7,4,5,3,1700
/593/,7,5,5,4,593
/616/,7,7,8,4,616
/932/,7,5,7,3,932
/category/脊柱側弯症/page/2/,7,3,4,3,2
/news/【ホームページリニューアルのお知らせ】/,7,5,5,5,
/news/【予防こそが最強の治療法】/,7,6,6,5,
/news/【風邪と腰痛の意外な関係】/,7,7,7,5,
/tag/脊柱側弯症/,7,6,6,3,
/1118/,6,4,5,2,1118
/1549/,6,3,3,3,1549
/1714/,6,4,4,4,1714
/808/,6,4,4,3,808
/guidance/youtsu-1/,6,5,5,5,
/guidance/youtsu-4/,6,5,5,4,
/news/sample-news5/,6,6,6,3,
/news/【1ストレッチ30秒のすゝめ】/,6,6,6,4,
/news/【改めてお盆休みのお知らせ】-⁡/,6,6,6,6,
/1185/,5,5,5,5,1185
/1472/,5,4,4,2,1472
/1749/,5,3,3,3,1749
/599/,5,4,4,4,599
/814/,5,3,4,3,814
/888/,5,4,4,3,888
/category/脊柱側弯症/page/3/,5,2,3,3,3
/news/【冬の腰痛対策でやってはいけない3つのこと】/,5,5,5,4,
/news/【寒くなって駆け込み来院が増えてます！】/,5,5,5,4,
/news/【明日から11月！冷え対策を！】/,5,5,5,4,
/news/【自律神経の乱れに気をつけて！】/,5,5,5,4,
/1079/,4,2,2,2,1079
/1101/,4,3,3,3,1101
/1127/,4,3,3,2,1127
/1195/,4,4,4,3,1195
/1497/,4,2,2,2,1497
/1581/,4,2,2,2,1581
/1635/,4,3,3,2,1635
/1756/,4,4,4,3,1756
/1773/,4,2,2,2,1773
/804/,4,2,2,2,804
/blog/page/3/,4,2,2,2,3
/news/【「正しい姿勢＝腰痛にならない」ではない？】/,4,4,4,3,
/news/【ぎっくり腰に注意ですよ！】/,4,4,4,4,
/news/【まだ11月だからって油断は禁物！】/,4,4,4,4,
/news/【年内は12月28日までです！】/,4,4,4,4,
/news/【筋肉が硬くなるのは、関節の動きが小さいから/,4,4,4,3,
/tag/大人の側弯症/,4,1,1,1,
/1055/,3,3,3,2,1055
/1159/,3,3,3,1,1159
/1545/,3,3,3,2,1545
/1571/,3,2,2,2,1571
/1575/,3,2,2,1,1575
/1669/,3,1,1,1,1669
/1699/,3,2,2,1,1699
/1742/,3,2,2,2,1742
/1777/,3,2,3,3,1777
/471/,3,3,4,1,471
/703/,3,2,2,2,703
/892/,3,2,3,2,892
/978/,3,3,3,2,978
/guidance/gojukata-2/,3,3,3,3,
/news/【台風に十分警戒してください！】/,3,3,3,3,
/privacy-policy/,3,2,2,1,
/1061/,2,2,2,1,1061
/1638/,2,1,1,1,1638
/1695/,2,2,2,2,1695
/1767/,2,2,2,1,1767
/330/,2,2,2,2,330
/672/,2,2,2,2,672
/709/,2,2,2,1,709
/877/,2,1,1,1,877
/990/,2,2,2,1,990
/category/column/,2,1,1,1,
/category/low-back-pain/,2,2,2,2,
/category/脊柱側弯症/page/4/,2,1,1,1,4
/category/脊柱側弯症/page/5/,2,1,1,1,5
/category/脊柱側弯症/page/8/,2,1,1,1,8
/date/2026/06/,2,1,1,1,06
/guidance/gojukata-1/,2,1,1,1,
/guidance/gojukata-3/,2,2,2,2,
/guidance/gojukata-4/,2,2,2,1,
/news/page/2/,2,2,2,1,2
/pdf/voice_04.pdf,2,1,1,1,
/tag/坐骨神経痛/,2,2,2,0,
/tag/脊柱側弯症/page/2/,2,2,2,1,2
/tag/脊柱側弯症/page/3/,2,1,1,1,3
/1002/,1,1,1,1,1002
/1009/,1,1,1,1,1009
/1014/,1,1,1,1,1014
/1019/,1,1,1,1,1019
/1027/,1,1,1,1,1027
/1035/,1,1,1,1,1035
/1037/,1,1,1,1,1037
/1050/,1,1,1,0,1050
/1070/,1,1,1,0,1070
/1087/,1,1,1,1,1087
/1166/,1,1,1,1,1166
/1489/,1,1,1,0,1489
/1589/,1,1,1,1,1589
/1642/,1,1,1,0,1642
/1689/,1,1,1,1,1689
/1730/,1,1,1,1,1730
/1732/,1,1,1,1,1732
/319/,1,1,1,0,319
/323/,1,1,1,1,323
/332/,1,1,1,1,332
/457/,1,1,1,1,457
/495/,1,1,1,0,495
/610/,1,1,1,1,610
/766/,1,1,1,0,766
/774/,1,1,1,0,774
/830/,1,1,1,0,830
/834/,1,1,1,0,834
/839/,1,1,1,1,839
/943/,1,1,1,0,943
/971/,1,1,1,1,971
/984/,1,1,1,1,984
/993/,1,1,1,1,993
/995/,1,1,1,1,995
/blog/page/4/,1,1,1,1,4
/category/back-pain/,1,1,1,0,
/category/frozen-shoulder/page/2/,1,1,1,0,2
/category/neck-pain/,1,1,1,0,
/category/uncategorized/,1,1,1,1,
/category/思春期特発性側弯症/,1,1,1,0,
/category/脊柱側弯症/page/6/,1,1,1,1,6
/category/脊柱側弯症/page/7/,1,1,1,1,7
/date/2024/10/,1,1,1,0,10
/date/2025/08/,1,1,1,0,08
/date/2025/09/,1,1,1,0,09
/date/2025/12/,1,1,1,0,12
/date/2026/01/,1,1,1,0,01
/news/archives/date/2018/06/17,1,1,1,0,17
/pdf/voice_05.pdf,1,1,1,0,
/tag/chikusaku/page/22/,1,1,1,0,22
/tag/hoshigaoka/,1,1,1,0,
/tag/hoshigaoka/page/21/,1,1,1,0,21
/tag/katakori/page/2/,1,1,1,0,2
/tag/pbl-seitai/,1,1,1,0,
/tag/seitai/,1,1,1,0,
/tag/tsuikanban-herniation/,1,1,1,0,
/tag/tsuikanban-herniation/page/2/,1,1,1,0,2
/tag/yotsu/,1,1,1,0,
/tag/ぶら下がり整体/page/18/,1,1,1,0,18
/tag/むち打ち症/,1,1,1,0,
/tag/体幹-非対称/,1,1,1,1,
/tag/名古屋市/,1,1,1,0,
/tag/背中-左右差/,1,1,1,1,
/tag/背中-片側-盛り上がる/,1,1,1,1,
/tag/胸郭-ねじれ/,1,1,1,1,
/tag/脊柱側弯症/page/22/,1,1,1,0,22
/tag/脊柱側弯症/page/4/,1,1,1,1,4
