page,clicks,impressions,ctr,position,post_id
https://physical-balance-lab.com/976/,279,5240,0.0532442748091603,7.8351145038167935,976
https://physical-balance-lab.com/,183,2893,0.0632561354994815,8.008641548565503,
https://physical-balance-lab.com/1176/,136,1692,0.08037825059101655,4.446808510638298,1176
https://physical-balance-lab.com/1182/,112,1792,0.0625,4.4453125,1182
https://physical-balance-lab.com/441/,49,2323,0.021093413689195005,7.794662074903142,441
https://physical-balance-lab.com/1171/,44,1097,0.040109389243391066,7.430264357338195,1171
https://physical-balance-lab.com/980/,35,407,0.085995085995086,5.88943488943489,980
https://physical-balance-lab.com/965/,33,2741,0.012039401678219628,3.916818679314119,965
https://physical-balance-lab.com/1173/,29,955,0.030366492146596858,7.380104712041885,1173
https://physical-balance-lab.com/1063/,23,2111,0.010895310279488394,8.660350544765514,1063
https://physical-balance-lab.com/317/,20,1089,0.018365472910927456,7.909090909090909,317
https://physical-balance-lab.com/584/,20,1248,0.016025641025641024,8.133814102564102,584
https://physical-balance-lab.com/about/,18,501,0.03592814371257485,8.333333333333332,
https://physical-balance-lab.com/vision/,13,177,0.07344632768361582,4.090395480225989,
https://physical-balance-lab.com/620/,11,682,0.016129032258064516,5.997067448680352,620
https://physical-balance-lab.com/1137/,9,75,0.12,7.32,1137
https://physical-balance-lab.com/1191/,9,339,0.02654867256637168,8.353982300884955,1191
https://physical-balance-lab.com/1169/,8,140,0.05714285714285714,5.242857142857143,1169
https://physical-balance-lab.com/612/,7,1385,0.005054151624548736,4.47942238267148,612
https://physical-balance-lab.com/1569/,6,171,0.03508771929824561,8.029239766081872,1569
https://physical-balance-lab.com/1769/,6,74,0.08108108108108109,5.9324324324324325,1769
https://physical-balance-lab.com/744/,6,130,0.046153846153846156,8.723076923076924,744
https://physical-balance-lab.com/1058/,5,30,0.16666666666666666,6.266666666666667,1058
https://physical-balance-lab.com/1118/,4,46,0.08695652173913043,10.673913043478262,1118
https://physical-balance-lab.com/1142/,4,54,0.07407407407407407,7.407407407407407,1142
https://physical-balance-lab.com/1460/,4,271,0.014760147601476014,22.74538745387454,1460
https://physical-balance-lab.com/731/,4,112,0.03571428571428571,14.785714285714286,731
https://physical-balance-lab.com/for-newcomers/,4,206,0.019417475728155338,7.310679611650485,
https://physical-balance-lab.com/616/,3,363,0.008264462809917356,9.110192837465565,616
https://physical-balance-lab.com/932/,3,287,0.010452961672473868,27.609756097560975,932
https://physical-balance-lab.com/1101/,2,106,0.018867924528301886,15.424528301886792,1101
https://physical-balance-lab.com/593/,2,425,0.004705882352941176,11.621176470588235,593
https://physical-balance-lab.com/672/,2,77,0.025974025974025976,7.233766233766234,672
https://physical-balance-lab.com/voice-1/,2,23,0.08695652173913043,7.043478260869565,
https://physical-balance-lab.com/1070/,1,13,0.07692307692307693,6.6923076923076925,1070
https://physical-balance-lab.com/1159/,1,99,0.010101010101010102,8.797979797979798,1159
https://physical-balance-lab.com/1515/,1,18,0.05555555555555555,9.0,1515
https://physical-balance-lab.com/1545/,1,4,0.25,5.5,1545
https://physical-balance-lab.com/330/,1,111,0.009009009009009009,29.855855855855857,330
https://physical-balance-lab.com/471/,1,3,0.3333333333333333,14.0,471
https://physical-balance-lab.com/495/,1,33,0.030303030303030304,12.666666666666666,495
https://physical-balance-lab.com/709/,1,8,0.125,6.875,709
https://physical-balance-lab.com/804/,1,35,0.02857142857142857,11.257142857142858,804
https://physical-balance-lab.com/blog/,1,56,0.017857142857142856,2.107142857142857,
https://physical-balance-lab.com/guidance/,1,80,0.0125,4.0625,
https://physical-balance-lab.com/news/%E3%80%90%E9%A2%A8%E9%82%AA%E3%81%A8%E8%85%B0%E7%97%9B%E3%81%AE%E6%84%8F%E5%A4%96%E3%81%AA%E9%96%A2%E4%BF%82%E3%80%91/,1,229,0.004366812227074236,11.244541484716157,
https://physical-balance-lab.com/1002/,0,2,0.0,7.0,1002
https://physical-balance-lab.com/1046/,0,2,0.0,15.0,1046
https://physical-balance-lab.com/1055/,0,41,0.0,7.487804878048781,1055
https://physical-balance-lab.com/1107/,0,1,0.0,4.0,1107
https://physical-balance-lab.com/1457/,0,29,0.0,7.9655172413793105,1457
https://physical-balance-lab.com/1472/,0,15,0.0,5.866666666666666,1472
https://physical-balance-lab.com/1507/,0,11,0.0,9.272727272727273,1507
https://physical-balance-lab.com/1532/,0,13,0.0,10.923076923076923,1532
https://physical-balance-lab.com/1539/,0,22,0.0,9.590909090909092,1539
https://physical-balance-lab.com/328/,0,6,0.0,6.333333333333333,328
https://physical-balance-lab.com/347/,0,1,0.0,9.0,347
https://physical-balance-lab.com/463/,0,4,0.0,9.75,463
https://physical-balance-lab.com/477/,0,3,0.0,15.333333333333334,477
https://physical-balance-lab.com/599/,0,21,0.0,13.523809523809524,599
https://physical-balance-lab.com/602/,0,24,0.0,15.375,602
https://physical-balance-lab.com/610/,0,16,0.0,6.625,610
https://physical-balance-lab.com/667/,0,38,0.0,16.710526315789473,667
https://physical-balance-lab.com/703/,0,66,0.0,10.636363636363637,703
https://physical-balance-lab.com/718/,0,1,0.0,74.0,718
https://physical-balance-lab.com/779/,0,2,0.0,42.0,779
https://physical-balance-lab.com/978/,0,10,0.0,5.9,978
https://physical-balance-lab.com/995/,0,16,0.0,6.6875,995
https://physical-balance-lab.com/about-redcord/,0,73,0.0,11.10958904109589,
https://physical-balance-lab.com/author/okumura/,0,1,0.0,8.0,
https://physical-balance-lab.com/category/back-pain/,0,2,0.0,7.0,
https://physical-balance-lab.com/contact/,0,48,0.0,2.25,
https://physical-balance-lab.com/guidance/gojukata-4/,0,1,0.0,4.0,
https://physical-balance-lab.com/guidance_category/gojukata/,0,1,0.0,46.0,
https://physical-balance-lab.com/guidance_category/sokuwanshou/,0,6,0.0,3.6666666666666665,
https://physical-balance-lab.com/guidance_category/yotsu/,0,4,0.0,9.5,
https://physical-balance-lab.com/news/,0,22,0.0,4.409090909090909,
https://physical-balance-lab.com/news/%E3%80%90%E3%81%8E%E3%81%A3%E3%81%8F%E3%82%8A%E8%85%B0%E3%81%AB%E6%B3%A8%E6%84%8F%E3%81%A7%E3%81%99%E3%82%88%EF%BC%81%E3%80%91/,0,6,0.0,7.666666666666667,
https://physical-balance-lab.com/news/%E3%80%90%E3%83%9B%E3%83%BC%E3%83%A0%E3%83%9A%E3%83%BC%E3%82%B8%E3%83%AA%E3%83%8B%E3%83%A5%E3%83%BC%E3%82%A2%E3%83%AB%E3%81%AE%E3%81%8A%E7%9F%A5%E3%82%89%E3%81%9B%E3%80%91/,0,11,0.0,4.545454545454545,
https://physical-balance-lab.com/news/%E3%80%90%E5%86%AC%E3%81%AE%E8%85%B0%E7%97%9B%E5%AF%BE%E7%AD%96%E3%81%A7%E3%82%84%E3%81%A3%E3%81%A6%E3%81%AF%E3%81%84%E3%81%91%E3%81%AA%E3%81%843%E3%81%A4%E3%81%AE%E3%81%93%E3%81%A8%E3%80%91/,0,25,0.0,64.52000000000001,
https://physical-balance-lab.com/news/%E3%80%90%E5%8F%B0%E9%A2%A8%E3%81%AB%E5%8D%81%E5%88%86%E8%AD%A6%E6%88%92%E3%81%97%E3%81%A6%E3%81%8F%E3%81%A0%E3%81%95%E3%81%84%EF%BC%81%E3%80%91/,0,4,0.0,6.5,
https://physical-balance-lab.com/news/%E3%80%90%E5%B9%B4%E5%86%85%E3%81%AF12%E6%9C%8828%E6%97%A5%E3%81%BE%E3%81%A7%E3%81%A7%E3%81%99%EF%BC%81%E3%80%91/,0,3,0.0,2.0,
https://physical-balance-lab.com/news/%E3%80%90%E6%94%B9%E3%82%81%E3%81%A6%E3%81%8A%E7%9B%86%E4%BC%91%E3%81%BF%E3%81%AE%E3%81%8A%E7%9F%A5%E3%82%89%E3%81%9B%E3%80%91-%E2%81%A1/,0,5,0.0,4.8,
https://physical-balance-lab.com/news/%E3%80%90%E7%AD%8B%E8%82%89%E3%81%8C%E7%A1%AC%E3%81%8F%E3%81%AA%E3%82%8B%E3%81%AE%E3%81%AF%E3%80%81%E9%96%A2%E7%AF%80%E3%81%AE%E5%8B%95%E3%81%8D%E3%81%8C%E5%B0%8F%E3%81%95%E3%81%84%E3%81%8B%E3%82%89/,0,10,0.0,7.3,
https://physical-balance-lab.com/news/%E3%80%90%E8%87%AA%E5%BE%8B%E7%A5%9E%E7%B5%8C%E3%81%AE%E4%B9%B1%E3%82%8C%E3%81%AB%E6%B0%97%E3%82%92%E3%81%A4%E3%81%91%E3%81%A6%EF%BC%81%E3%80%91/,0,9,0.0,10.666666666666666,
https://physical-balance-lab.com/news/%E3%80%90%E9%96%8B%E6%A5%AD10%E5%B9%B4%E3%80%82%E3%81%93%E3%81%93%E3%81%8B%E3%82%89%E3%81%8C%E6%9C%AC%E5%BD%93%E3%81%AE%E3%82%B9%E3%82%BF%E3%83%BC%E3%83%88%EF%BC%81%E3%80%91/,0,13,0.0,12.153846153846153,
https://physical-balance-lab.com/news/sample-news5/,0,4,0.0,7.0,
https://physical-balance-lab.com/privacy-policy/,0,2,0.0,1.0,
https://physical-balance-lab.com/tag/meito-ku/page/19/,0,2,0.0,8.0,19
